,date,man_ag_sapporo,woman_ag_sapporo,man_ag_sendai,woman_ag_sendai,man_ag_ueno,woman_ag_ueno,man_ag_shibuya,woman_ag_shibuya,man_ori_utsunomiya,woman_ori_utsunomiya,man_ori_omiya,woman_ori_omiya,man_ori_shinjuku,woman_ori_shinjuku,man_ori_shibuyahonten,woman_ori_shibuyahonten,man_ori_shibuyaekimae,woman_ori_shibuyaekimae,man_ori_machida,woman_ori_machida,man_ori_yokohama,woman_ori_yokohama,man_ori_shizuoka,woman_ori_shizuoka,man_ori_nagoyasakae,woman_ori_nagoyasakae,man_ori_nagoyanishiki,woman_ori_nagoyanishiki,man_ori_kyoto,woman_ori_kyoto,man_ori_chayamachi,woman_ori_chayamachi,man_ori_umeda,woman_ori_umeda,man_ori_shinsaibashi,woman_ori_shinsaibashi,man_ori_namba,woman_ori_namba,man_ori_kobe,woman_ori_kobe,man_ori_okayama,woman_ori_okayama,man_ori_hiroshima,woman_ori_hiroshima,man_ori_kokura,woman_ori_kokura,man_ori_fukuoka,woman_ori_fukuoka,man_ori_kumamoto,woman_ori_kumamoto,man_ori_miyazaki,woman_ori_miyazaki,man_ori_kagoshima,woman_ori_kagoshima,man_ori_okinawa,woman_ori_okinawa,man_ai_kabukicho,woman_ai_kabukicho,man_ai_shinjuku,woman_ai_shinjuku,man_ai_shibuya,woman_ai_shibuya,man_ai_ikebukurohigashi,woman_ai_ikebukurohigashi,man_ai_ikebukuronishi,woman_ai_ikebukuronishi,man_ai_ueno,woman_ai_ueno,man_ai_ebisu,woman_ai_ebisu,man_ai_kinshicho,woman_ai_kinshicho,man_ai_chiba,woman_ai_chiba,man_ai_oomiya,woman_ai_oomiya,man_ai_yokohama,woman_ai_yokohama,man_ai_sendai,woman_ai_sendai,man_ai_niigata,woman_ai_niigata,man_ai_toyama,woman_ai_toyama,man_ai_nagoya,woman_ai_nagoya,man_ai_umeda,woman_ai_umeda,man_ai_sannomiya,woman_ai_sannomiya,man_ai_okayama,woman_ai_okayama,man_ai_kokura,woman_ai_kokura,man_ai_okinawa,woman_ai_okinawa
0,2022-04-18 19:02:16.823873,0,4,0,0,0,8,0,0,0,0,1,7,1,15,0,12,9,19,2,2,2,3,0,6,0,12,0,4,0,2,8,23,0,4,0,3,0,18,0,4,0,0,0,0,0,0,0,4,0,8,0,2,0,0,0,0,7,9,0,2,2,12,4,2,0,0,0,4,2,0,2,2,0,0,0,0,2,4,0,0,0,0,0,0,0,4,0,0,0,2,0,0,0,0,0,0
1,2022-04-18 19:12:08.042557,0,3,0,1,0,8,2,0,0,0,1,7,1,20,6,12,9,13,2,2,2,3,1,6,0,12,0,6,0,4,10,22,2,4,0,5,0,16,0,4,0,0,0,0,0,0,0,4,0,8,0,2,0,0,0,0,9,9,0,4,4,12,4,2,0,0,0,4,2,0,2,2,2,0,0,0,2,4,0,0,0,0,0,0,0,4,3,0,0,2,0,2,0,0,0,0
2,2022-04-18 19:21:45.213341,0,5,0,1,0,10,2,0,0,0,1,7,3,24,8,12,7,14,2,2,2,4,1,6,0,16,0,6,0,7,12,26,2,3,0,5,0,16,0,7,0,0,0,0,0,0,0,4,0,11,0,2,0,0,0,0,9,14,0,8,10,12,4,2,0,0,0,6,2,0,2,2,2,0,0,0,4,6,0,0,0,0,0,4,0,4,3,0,0,2,2,2,0,0,0,0
3,2022-04-18 19:36:25.030197,0,5,0,5,3,8,2,0,0,0,3,13,3,23,10,16,5,18,2,2,2,8,1,6,1,14,0,6,0,7,12,23,4,3,0,5,0,20,0,9,0,2,0,0,0,0,0,4,0,10,0,4,0,0,0,0,13,14,0,8,10,14,4,6,0,0,2,6,2,0,2,2,2,0,0,0,6,8,0,0,0,0,0,4,0,4,3,4,0,2,2,2,0,0,0,0
4,2022-04-18 19:40:55.570234,0,5,1,5,3,8,2,0,0,0,3,14,5,22,12,16,5,17,2,2,2,8,1,6,1,14,0,6,0,7,12,23,4,3,0,5,0,18,0,9,0,2,0,0,0,0,0,4,0,9,0,4,0,0,0,0,10,16,2,8,13,12,4,6,0,0,2,8,2,0,2,2,2,0,0,0,8,8,0,0,0,0,0,4,0,4,3,4,0,2,2,2,0,0,0,0
5,2022-04-18 19:52:05.390754,0,5,1,6,3,10,2,0,0,0,5,14,5,24,14,22,6,21,3,2,4,5,3,8,3,16,0,10,0,9,12,27,2,5,0,4,0,20,0,11,0,2,0,0,0,0,0,0,0,11,0,2,0,0,0,0,10,18,4,8,15,14,4,6,0,0,2,14,6,0,4,2,2,0,0,0,10,8,0,0,0,0,0,4,0,4,3,6,0,2,6,2,0,0,0,0
6,2022-04-18 20:08:59.760944,0,4,3,6,3,10,2,6,0,0,6,13,6,25,16,22,7,25,3,1,4,5,3,8,5,16,2,14,1,16,10,30,4,6,0,5,0,24,0,13,0,5,0,0,0,0,0,0,0,9,0,2,0,0,0,0,10,24,4,8,17,19,6,6,0,0,2,19,6,2,4,2,2,0,0,0,14,11,0,0,0,0,0,2,0,4,5,8,0,2,2,2,0,0,0,0
7,2022-04-18 20:11:03.889101,0,4,3,6,5,10,2,6,0,0,6,13,6,25,16,24,7,25,3,1,4,5,3,8,5,18,2,14,1,16,10,32,4,6,0,5,0,25,0,13,0,5,0,0,0,0,0,0,0,9,0,2,0,0,0,0,10,24,4,8,17,21,6,8,0,0,4,19,6,2,4,2,2,0,0,0,14,11,0,0,0,0,0,2,0,4,5,8,0,2,2,2,0,0,0,0
8,2022-04-18 20:21:41.083706,0,4,5,6,5,8,2,8,0,0,11,14,6,32,16,26,7,30,4,2,4,7,3,8,5,16,4,18,1,16,8,30,7,8,0,5,3,29,0,15,0,5,0,0,0,0,0,0,0,9,2,2,0,3,0,0,10,21,4,8,19,25,8,10,0,0,6,21,8,2,4,2,2,0,0,0,20,11,0,0,0,0,0,2,0,4,10,8,0,0,2,2,0,0,0,0
9,2022-04-18 20:32:09.220500,2,4,7,10,7,10,2,8,0,0,15,14,9,37,16,28,15,29,4,2,4,7,4,8,5,18,4,14,7,17,6,30,8,10,0,3,7,31,0,13,0,5,0,0,0,0,0,0,3,5,2,2,0,3,0,0,10,18,4,8,21,25,8,10,0,0,6,19,8,2,4,2,2,0,0,0,22,17,0,0,0,0,0,2,0,4,10,10,0,0,2,2,0,0,0,0
10,2022-04-18 20:40:54.165993,2,6,7,10,5,12,2,8,0,0,14,14,10,38,16,34,17,32,4,6,4,7,4,8,4,18,4,18,7,17,8,30,8,12,0,3,7,34,0,11,5,3,0,2,0,0,0,0,3,8,2,2,0,3,0,0,10,18,4,10,23,25,6,8,0,0,8,19,8,2,4,0,0,0,0,0,22,19,0,0,0,0,0,4,0,4,10,10,0,2,2,2,0,0,0,0
11,2022-04-18 20:51:52.664655,4,6,7,12,7,8,2,8,0,0,13,14,12,36,18,40,19,36,6,5,6,11,4,8,4,14,2,20,7,15,9,32,8,12,0,3,7,38,1,13,5,3,2,2,0,0,0,0,3,9,2,5,0,5,0,0,10,18,4,14,25,27,6,8,0,0,12,21,8,4,4,0,0,0,0,0,24,20,0,0,0,0,0,4,0,7,10,12,0,6,2,2,0,0,0,0
12,2022-04-18 21:09:07.119867,4,4,7,14,7,8,4,8,0,2,13,14,12,42,18,42,20,37,6,8,4,12,6,10,7,16,6,28,3,16,14,37,7,12,3,3,7,41,1,15,5,5,2,2,0,0,0,0,3,9,2,5,2,5,0,0,10,14,6,12,33,29,6,10,0,0,16,21,8,8,4,0,0,0,0,0,26,24,0,0,0,0,0,4,0,7,15,14,3,6,4,2,2,2,0,0
13,2022-04-18 21:11:34.767596,4,4,7,14,7,8,4,8,0,2,13,14,12,42,18,44,20,35,7,8,7,12,6,10,9,16,6,28,6,14,19,38,7,12,3,2,7,40,1,15,5,5,2,2,0,0,0,0,3,9,2,5,2,5,0,0,10,14,6,12,33,27,6,10,0,0,19,21,8,8,4,0,0,0,0,0,24,24,0,0,0,0,0,4,0,8,15,14,3,6,2,2,2,2,0,0
14,2022-04-18 21:21:08.248563,4,6,7,14,7,8,2,10,0,2,13,16,14,43,18,42,25,40,8,10,9,11,6,10,11,16,6,28,6,12,21,44,7,12,3,2,7,42,5,19,5,5,2,2,0,0,0,0,3,11,2,5,2,6,0,0,10,14,6,16,33,31,6,10,0,0,24,21,8,10,4,0,0,0,0,0,26,24,0,0,0,0,0,4,3,8,15,14,3,6,0,0,2,2,0,0
15,2022-04-18 21:31:06.413292,2,6,8,14,8,8,2,8,6,2,13,14,14,41,19,44,29,44,8,10,9,11,6,14,11,15,6,26,6,10,25,49,7,16,3,2,7,39,5,22,5,7,2,2,0,2,0,0,7,11,0,3,2,6,0,0,10,18,6,16,37,31,6,10,0,0,28,21,8,10,2,0,0,0,0,0,26,24,0,0,0,0,2,4,3,8,15,16,3,6,0,2,2,2,0,0
16,2022-04-18 21:41:21.129590,2,6,14,14,10,8,0,8,8,2,13,18,16,43,17,46,30,42,8,10,11,20,6,18,11,17,9,27,6,10,31,51,5,16,3,2,7,43,4,22,5,11,2,2,0,2,0,0,2,7,0,3,2,6,0,2,14,16,6,14,35,28,4,8,0,0,31,17,10,12,0,0,0,0,0,0,24,22,0,0,0,0,6,4,5,8,17,16,3,4,0,0,3,2,0,0
17,2022-04-18 21:51:11.771742,2,8,14,14,8,6,0,10,8,2,13,18,14,40,19,46,32,43,6,10,11,18,6,18,11,17,9,27,6,10,40,53,5,12,3,2,7,47,8,22,5,11,2,2,0,2,0,4,2,5,0,3,3,6,0,2,14,14,8,14,38,30,4,6,0,0,31,17,12,12,0,0,0,0,0,0,24,22,0,0,0,0,6,2,5,8,17,14,3,4,0,0,3,2,0,0
18,2022-04-18 22:02:10.014733,5,8,14,14,8,6,0,10,6,0,14,19,17,38,21,51,33,46,9,10,15,19,8,16,13,17,9,27,10,13,40,66,7,16,4,3,5,43,8,24,5,9,2,2,0,2,0,6,4,4,0,3,1,6,2,2,14,18,14,16,38,32,4,6,0,0,25,15,11,12,0,0,0,0,0,0,28,22,0,0,0,0,6,2,5,8,17,16,3,4,2,0,4,2,0,0
19,2022-04-18 22:11:44.203621,5,10,14,14,8,6,0,8,6,0,14,19,18,33,25,44,32,47,9,12,16,21,9,16,11,17,13,27,12,15,36,68,9,14,4,1,7,43,10,24,5,11,2,2,0,4,4,6,4,4,0,3,6,6,2,2,12,16,14,14,38,34,9,4,0,0,27,18,13,14,2,0,0,0,0,0,28,24,0,0,0,0,6,2,5,8,17,16,3,4,2,0,2,2,0,0
20,2022-04-18 22:20:48.378572,5,10,12,14,5,6,0,8,2,0,14,19,20,29,31,44,28,46,11,12,16,21,11,16,8,17,13,18,13,13,41,64,10,16,4,1,8,46,8,24,5,11,2,2,2,4,4,6,2,6,0,2,6,9,4,2,12,20,14,14,44,34,7,4,0,0,27,20,13,16,2,0,0,0,0,0,28,24,0,0,0,0,6,2,5,8,17,14,3,4,0,0,2,2,0,0
21,2022-04-18 22:31:47.661876,5,8,10,9,8,6,0,11,2,0,20,19,25,28,33,42,25,43,13,12,19,18,10,20,10,14,15,16,15,13,43,64,10,14,1,3,11,41,12,26,7,11,2,2,2,2,6,6,0,3,0,2,6,9,4,2,13,22,14,14,44,32,7,4,0,0,31,20,11,12,2,0,0,0,0,0,28,20,0,0,0,0,4,2,3,8,19,12,3,2,0,0,2,2,0,0
22,2022-04-18 22:41:35.007234,5,6,10,9,8,6,0,15,2,0,26,17,24,23,36,31,25,41,14,13,16,16,10,20,8,10,13,21,15,11,48,63,10,14,1,5,11,40,14,29,7,11,0,0,2,2,2,2,2,4,0,2,5,11,5,2,13,25,14,12,40,32,7,4,0,0,27,18,11,10,2,0,0,0,0,0,28,18,0,0,0,0,4,2,0,6,19,10,0,0,0,0,2,2,0,0
23,2022-04-18 22:51:34.728681,5,6,10,9,8,6,3,11,2,2,24,14,25,24,30,33,31,39,16,13,16,13,10,22,6,12,12,26,15,11,49,69,10,14,3,3,10,32,14,27,8,11,0,0,2,2,2,2,7,4,0,2,7,11,5,2,17,21,14,12,42,28,2,2,0,0,23,20,11,8,2,0,0,0,0,0,28,15,0,0,0,0,4,2,0,6,17,10,0,0,0,0,2,2,0,0
24,2022-04-18 23:09:52.216743,5,6,14,8,5,6,5,8,2,3,22,16,25,17,32,37,35,35,15,8,14,15,11,18,8,12,21,27,13,7,54,68,8,12,3,3,15,31,14,23,11,11,0,0,0,2,2,2,7,4,0,2,8,11,5,2,17,26,14,12,34,26,0,0,0,0,23,23,9,10,2,2,0,0,0,0,26,8,0,0,0,0,2,2,0,0,15,8,0,0,0,0,2,2,0,0
25,2022-04-18 23:10:57.716960,5,6,14,8,5,6,5,8,2,3,22,14,25,17,32,37,36,35,15,8,14,15,11,14,8,12,21,27,13,7,54,68,8,12,3,3,15,31,14,23,11,11,0,0,0,2,2,2,7,4,0,2,11,11,5,2,17,26,14,12,34,26,0,0,0,0,23,23,9,10,2,2,0,0,0,0,24,8,0,0,0,0,2,2,0,0,15,8,0,0,0,0,2,2,0,0
26,2022-04-18 23:21:24.881917,2,6,9,7,5,4,5,6,2,5,23,12,22,17,32,40,40,32,13,11,11,15,15,12,6,14,21,26,13,7,51,54,10,12,3,3,16,29,6,21,11,10,0,0,0,2,0,2,4,4,1,2,11,13,1,0,21,26,14,12,32,24,0,0,0,0,21,21,9,10,2,2,0,0,0,0,22,6,0,0,0,0,0,0,0,0,15,8,0,0,0,0,2,2,0,0
27,2022-04-18 23:31:35.665347,2,6,9,7,5,4,3,2,2,5,20,12,18,12,37,41,40,35,9,9,13,15,17,14,4,12,21,26,10,5,44,51,10,10,2,4,15,25,12,15,9,9,0,0,0,2,4,4,4,6,1,4,11,11,1,0,20,21,12,10,30,24,0,0,0,0,15,14,9,8,2,2,0,0,0,0,18,4,0,0,0,0,0,0,0,0,12,6,0,0,0,0,0,2,0,0
28,2022-04-18 23:42:05.718511,0,8,7,7,5,2,0,0,2,5,18,15,16,12,38,35,34,41,9,9,21,13,13,12,4,14,17,26,4,3,37,47,7,10,3,6,14,22,10,15,5,8,0,0,0,2,4,7,4,6,1,4,12,11,1,2,22,19,10,8,27,20,0,0,0,0,10,8,7,6,2,2,0,0,0,0,12,4,0,0,0,0,0,0,0,0,7,6,0,0,0,0,0,2,0,0
29,2022-04-18 23:51:38.931569,4,6,5,7,5,2,0,2,2,5,20,15,16,12,36,33,27,36,9,9,17,11,13,12,4,14,19,24,4,2,29,43,7,8,1,4,13,19,16,14,8,8,0,0,0,2,4,3,4,6,2,4,14,11,1,2,20,15,8,6,29,18,0,0,0,0,11,10,5,2,2,2,0,0,0,0,10,4,0,0,0,0,0,0,0,0,2,4,0,0,0,0,0,2,0,0
30,2022-04-19 00:09:16.520375,4,6,9,7,5,2,0,2,2,5,15,15,11,16,23,28,20,24,4,4,12,4,12,12,7,10,22,27,2,2,32,34,4,6,1,3,14,17,13,12,8,8,0,0,0,0,0,3,6,6,4,4,14,11,1,2,10,11,4,4,25,16,0,0,0,0,11,10,4,2,2,2,0,0,0,0,8,4,0,0,0,0,0,0,0,0,2,4,0,0,0,0,0,2,0,0
31,2022-04-19 00:12:09.658053,4,6,9,7,5,2,0,2,2,5,13,15,11,14,23,28,20,24,2,2,13,4,12,12,7,10,22,27,2,2,32,34,4,6,1,3,16,15,15,12,8,8,0,0,0,0,1,3,6,4,4,4,14,11,1,2,10,9,4,4,25,16,0,0,0,0,9,7,4,2,2,2,0,0,0,0,8,4,0,0,0,0,0,0,0,0,2,4,0,0,0,0,0,2,0,0
32,2022-04-19 00:21:07.289680,2,9,11,7,2,0,0,2,4,4,8,11,9,17,25,34,20,26,4,2,13,2,12,12,7,10,20,27,2,0,30,36,6,10,1,6,13,15,18,12,10,8,0,0,0,0,1,3,4,4,4,4,4,8,1,4,8,9,4,2,21,16,0,0,0,0,9,7,4,2,2,2,0,0,0,0,6,4,0,0,0,0,0,0,0,0,2,4,0,0,0,0,0,2,0,0
33,2022-04-19 00:31:18.361003,2,9,7,7,2,0,0,2,4,4,11,8,12,19,29,36,22,21,2,2,8,2,12,12,7,10,18,29,2,0,32,36,6,10,1,8,13,15,16,10,8,8,0,0,0,0,1,3,4,5,4,4,6,8,1,4,12,11,0,0,25,16,0,0,0,0,9,4,4,2,2,2,0,0,0,0,6,7,0,0,0,0,0,0,0,0,2,4,0,0,0,0,4,2,0,0
34,2022-04-19 00:41:55.835641,6,9,7,7,2,0,0,2,4,4,14,8,16,24,31,36,17,23,2,2,5,2,12,12,7,10,16,31,0,0,34,41,7,10,1,10,15,17,14,5,7,8,0,0,0,0,1,3,4,5,4,4,8,8,7,4,12,11,0,0,25,17,0,0,0,0,9,4,4,2,2,2,0,0,0,0,8,7,0,0,0,0,0,0,0,0,2,4,0,0,0,0,4,2,0,0
35,2022-04-19 00:51:55.882824,6,7,5,7,0,0,2,2,4,4,13,8,16,24,38,37,17,25,2,2,3,2,14,14,7,10,15,29,0,0,37,41,7,10,4,10,13,19,10,5,7,8,0,1,0,0,1,3,4,8,2,2,8,8,2,4,12,11,0,0,25,17,0,0,0,0,11,4,4,2,2,2,0,0,0,0,6,7,0,0,0,0,0,0,0,0,0,4,0,0,0,0,4,2,0,0
36,2022-04-19 01:09:10.338999,4,5,2,4,0,0,2,2,2,4,10,8,21,26,34,33,16,21,2,2,2,0,10,14,3,10,18,29,0,0,41,41,5,10,4,10,5,12,10,5,7,5,0,1,0,0,1,5,4,8,2,2,8,6,2,2,8,9,0,0,27,15,0,0,0,0,8,4,2,2,2,2,0,0,0,0,4,7,0,0,0,0,0,0,0,0,0,4,0,0,0,0,0,2,0,0
37,2022-04-19 01:11:00.386825,4,5,2,4,0,0,2,2,2,4,10,8,21,26,34,33,16,22,2,2,2,0,10,14,3,10,18,27,0,0,39,41,5,10,4,10,5,12,10,5,6,5,0,1,0,0,1,5,4,8,2,2,8,6,2,2,8,9,0,0,25,15,0,0,0,0,8,4,2,2,2,2,0,0,0,0,4,7,0,0,0,0,0,0,0,0,2,4,0,0,0,0,0,2,0,0
38,2022-04-19 01:21:22.318267,2,5,2,2,0,2,2,2,2,2,10,8,21,30,33,35,18,17,2,2,2,0,10,14,3,8,18,27,0,0,35,39,5,10,6,10,3,11,6,6,4,8,0,0,0,0,3,5,2,8,0,0,8,6,2,2,6,7,0,0,25,15,0,0,0,0,8,4,2,2,2,2,0,0,0,0,4,7,0,0,0,0,0,0,0,0,2,2,0,0,0,0,0,2,0,0
39,2022-04-19 01:31:16.919022,2,5,2,4,0,2,0,0,0,0,7,6,21,27,31,37,15,13,2,2,2,0,10,14,3,6,20,27,0,0,37,39,3,8,6,10,5,9,6,8,6,8,0,0,0,0,3,5,7,6,0,0,5,6,2,2,4,7,0,0,25,15,0,0,0,0,6,4,2,2,2,2,0,0,0,0,6,7,0,0,0,0,0,0,0,0,0,2,0,0,0,0,0,2,0,0
40,2022-04-19 01:41:55.549064,2,5,2,4,0,2,0,0,0,0,5,6,19,24,27,35,13,11,2,2,0,0,10,14,3,6,22,25,0,0,37,39,3,8,5,10,5,11,4,8,4,8,0,0,0,0,3,3,7,6,0,0,5,6,2,2,2,5,0,0,22,15,0,0,0,0,8,4,2,2,2,2,0,0,0,0,6,5,0,0,0,0,0,0,0,0,0,2,0,0,0,0,0,2,0,0
41,2022-04-19 01:51:35.186255,2,5,2,4,2,2,0,0,0,0,3,6,19,26,24,31,10,11,2,2,0,0,10,14,3,4,19,25,0,0,34,36,3,8,5,10,7,10,4,8,4,8,0,0,0,0,3,3,7,6,0,0,3,6,2,2,2,5,0,0,22,15,0,0,0,0,8,4,0,0,0,0,0,0,0,0,4,3,0,0,0,0,0,0,0,0,0,2,0,0,0,0,0,2,0,0
42,2022-04-19 02:11:23.172343,0,3,2,4,2,0,0,0,0,0,3,2,18,20,24,27,8,11,0,2,0,0,10,14,2,4,16,25,0,0,27,30,5,6,3,10,8,10,4,10,4,8,0,0,0,0,3,3,7,8,0,0,1,0,0,2,2,3,0,0,22,12,0,0,0,0,8,4,0,0,0,0,0,0,0,0,0,0,0,0,0,0,0,0,0,0,0,2,0,0,0,0,0,2,0,0
43,2022-04-19 02:21:25.848690,0,3,2,6,0,0,0,0,0,0,2,2,18,19,21,27,5,10,0,0,0,0,11,12,0,4,18,23,0,0,32,30,3,6,3,10,8,10,4,10,4,8,0,0,0,0,3,3,7,9,0,0,0,0,0,2,2,3,0,0,18,8,0,0,0,0,6,0,0,0,0,0,0,0,0,0,0,0,0,0,0,0,0,0,0,0,0,2,0,0,0,0,0,2,0,0
44,2022-04-19 02:31:02.127248,0,2,2,4,0,0,0,0,0,0,2,2,18,16,24,27,7,9,0,0,0,1,11,12,2,4,18,20,0,0,28,30,3,6,3,10,8,8,4,10,6,8,0,0,0,0,1,5,9,9,0,0,0,0,0,2,2,3,0,0,16,8,0,0,0,0,0,0,0,0,0,0,0,0,0,0,0,0,0,0,0,0,0,0,0,0,0,2,0,0,0,0,0,2,0,0
45,2022-04-19 02:41:00.400049,0,2,2,4,0,0,0,0,0,0,2,2,15,16,27,25,7,9,0,0,0,1,11,10,2,4,14,18,0,0,26,30,3,6,3,11,7,8,4,10,6,5,0,0,0,0,4,7,2,9,0,0,0,0,0,0,2,3,0,0,14,8,0,0,0,0,0,0,0,0,0,0,0,0,0,0,0,0,0,0,0,0,0,0,0,0,0,2,0,0,0,0,0,2,0,0
46,2022-04-19 02:51:48.131390,0,0,2,4,0,0,0,0,0,0,0,2,15,16,29,23,5,7,0,0,0,1,9,10,2,4,12,18,0,0,26,30,3,4,3,10,7,8,0,8,4,5,0,2,0,0,6,7,2,6,0,0,0,0,0,0,0,0,0,0,12,8,0,0,0,0,0,0,0,0,0,0,0,0,0,0,0,0,0,0,0,0,0,0,0,0,0,2,0,0,0,0,0,2,0,0
47,2022-04-19 19:09:22.658355,0,5,0,6,2,14,0,2,0,0,1,5,5,25,8,21,2,22,1,7,0,8,5,14,4,8,0,3,1,8,12,34,0,0,2,5,0,12,4,9,0,0,0,8,0,6,0,0,2,11,0,2,0,0,0,0,2,19,4,16,16,10,2,8,0,0,2,8,0,0,0,2,0,0,2,0,4,4,0,0,2,0,0,0,0,4,0,8,2,0,0,0,0,0,0,0
48,2022-04-19 19:21:39.144583,0,2,0,6,2,18,0,4,0,0,1,5,5,29,10,26,2,23,1,7,1,10,6,14,5,11,0,3,2,6,17,38,0,4,2,4,0,14,6,8,0,0,0,9,0,6,0,0,2,11,0,2,0,0,0,0,4,20,6,16,16,10,2,8,0,2,9,8,3,0,0,2,0,0,4,0,4,4,0,0,2,0,0,0,2,4,0,8,2,0,0,0,0,0,0,0
49,2022-04-19 19:31:37.739226,0,7,0,6,2,16,0,8,0,0,1,6,4,27,14,24,4,26,1,6,1,12,6,16,5,11,0,3,2,8,17,38,2,4,2,3,0,14,4,11,0,0,0,10,0,6,0,0,3,12,0,2,0,0,0,0,6,20,8,16,16,10,2,12,0,2,9,8,6,0,0,2,0,0,4,0,2,4,0,0,2,0,0,0,2,4,0,4,2,0,0,0,0,0,0,0
50,2022-04-19 19:40:51.479821,0,7,0,6,2,16,0,11,0,0,1,6,4,29,18,28,8,24,1,8,2,12,6,18,5,11,0,3,2,8,22,39,5,6,2,3,2,16,4,13,0,0,0,10,0,6,0,0,3,13,0,4,0,0,0,0,9,20,8,16,20,12,4,12,0,2,7,10,6,0,0,2,0,0,4,0,2,2,0,0,2,0,0,0,2,4,0,4,0,0,0,0,0,0,0,0
51,2022-04-19 19:51:40.610320,0,7,0,8,5,18,0,14,0,2,1,12,6,32,16,30,12,22,1,9,4,14,8,18,6,17,0,3,2,10,24,40,5,8,2,2,3,14,4,19,0,0,0,12,0,6,0,0,3,15,0,4,0,0,0,0,13,22,8,14,18,16,4,12,0,2,7,10,6,0,0,4,0,0,4,0,2,2,0,0,4,0,0,0,2,4,0,4,0,0,0,0,0,0,0,0
52,2022-04-19 20:09:17.954081,2,4,0,10,9,20,2,18,0,2,4,12,6,38,18,28,14,24,5,10,5,20,5,21,8,15,1,3,2,10,26,52,5,10,0,4,5,13,9,19,0,0,3,12,0,5,0,4,5,18,0,4,0,0,0,0,15,26,10,14,20,18,4,14,0,2,11,16,6,6,0,4,0,0,9,0,2,6,0,0,4,0,0,0,2,4,2,4,0,0,0,0,0,0,0,2
53,2022-04-19 20:12:06.087329,2,4,0,10,9,20,2,18,0,2,4,13,6,35,18,30,14,26,7,10,4,20,2,21,8,15,1,3,4,10,28,52,5,10,0,4,5,13,9,19,0,0,3,12,0,5,0,4,5,18,0,4,0,0,0,2,17,26,8,14,20,20,4,14,0,2,11,16,6,11,0,4,0,0,9,0,2,8,0,0,4,0,0,0,2,4,2,4,0,0,0,0,0,0,2,2
54,2022-04-19 20:21:57.922928,2,4,0,10,9,22,2,24,0,2,6,13,6,38,18,29,16,23,7,14,6,18,7,21,6,15,0,7,4,8,28,61,5,12,0,6,6,13,9,21,0,0,3,10,0,5,0,4,9,18,0,4,0,0,0,2,28,26,8,12,22,24,4,14,0,2,11,18,3,11,0,2,0,2,9,0,2,10,0,0,4,0,0,0,2,4,5,6,0,0,0,0,0,0,2,2
55,2022-04-19 20:31:39.042898,2,7,0,12,11,24,2,24,0,2,5,12,10,39,16,30,17,21,7,14,6,20,11,21,6,17,0,7,4,8,28,61,7,12,0,6,8,16,6,21,0,0,3,8,0,5,0,4,9,18,0,4,0,0,0,2,28,26,8,12,26,26,4,12,0,2,11,20,3,13,0,2,0,2,7,0,4,10,0,0,2,0,0,0,4,4,5,6,0,0,0,0,0,0,2,2
56,2022-04-19 20:41:53.934721,2,7,2,12,9,20,6,24,0,2,7,13,11,39,16,29,15,19,7,12,11,20,13,20,6,17,0,15,4,10,30,62,12,14,0,8,8,18,4,23,0,0,3,6,0,5,0,6,9,17,0,4,0,0,7,2,33,26,8,12,28,28,6,14,0,4,15,19,5,15,0,2,0,5,4,0,8,10,0,0,2,0,0,0,4,4,8,6,0,2,0,0,0,0,2,2
57,2022-04-19 20:52:00.917055,2,9,2,12,6,22,8,22,0,2,9,13,16,40,12,35,15,21,7,12,11,18,14,20,6,17,0,17,4,14,31,64,12,16,0,6,6,18,4,23,0,2,3,7,0,5,0,6,15,17,4,4,0,0,7,4,38,26,8,10,34,26,10,12,0,2,21,19,7,15,0,2,0,5,4,2,10,10,0,0,2,2,2,0,4,4,8,6,0,4,0,0,0,0,2,2
58,2022-04-19 21:09:22.341559,4,17,4,9,14,27,8,20,1,2,10,14,19,40,20,36,13,22,9,16,12,20,14,22,7,21,0,19,5,18,38,65,13,18,3,4,8,24,4,27,0,2,2,7,2,4,0,7,12,19,4,4,0,0,8,4,38,33,8,12,34,28,10,14,0,5,21,19,9,15,0,2,0,7,6,2,10,10,0,5,2,2,0,0,6,4,8,8,0,9,0,0,0,0,2,2
59,2022-04-19 21:11:43.834542,4,17,4,11,14,29,11,20,1,2,10,14,21,40,20,36,17,24,9,18,12,18,14,24,7,21,0,19,7,20,43,64,13,18,3,4,6,22,4,29,0,2,2,7,2,4,0,9,11,21,4,4,0,0,8,4,38,33,8,12,34,32,10,14,0,5,21,21,9,15,0,2,3,7,6,2,12,10,0,5,2,2,0,0,6,4,8,8,0,7,0,0,0,0,2,2
60,2022-04-19 21:22:02.809383,2,16,4,13,21,31,11,20,1,2,10,10,24,40,25,42,17,22,9,17,19,20,16,24,7,21,2,21,7,18,44,70,13,20,3,6,10,30,3,27,2,2,2,5,2,4,4,11,11,21,4,4,0,0,8,4,36,36,8,12,36,40,12,14,0,8,23,22,11,14,2,2,3,7,6,2,14,10,0,5,2,2,0,0,8,4,5,12,0,7,0,0,2,0,0,2
61,2022-04-19 21:36:20.418940,2,18,8,11,27,33,14,22,1,2,12,10,31,51,29,45,17,22,9,15,21,24,16,20,5,26,9,20,12,20,47,62,13,22,3,6,11,27,8,29,2,2,2,4,5,4,6,14,11,21,0,4,2,0,8,4,43,38,8,8,32,38,14,12,2,8,28,20,11,18,2,2,7,9,8,2,14,12,0,5,4,2,2,0,10,4,8,15,4,7,0,0,2,0,0,0
62,2022-04-19 21:42:06.553655,4,19,8,11,30,32,16,20,1,0,10,10,31,54,31,45,17,23,8,17,23,24,13,18,5,26,10,20,14,20,53,60,13,24,3,6,11,30,10,29,2,2,2,4,5,4,8,12,11,23,2,4,2,0,8,4,46,40,10,8,34,38,16,12,2,8,32,20,11,18,2,2,7,9,8,2,16,15,0,5,4,2,2,0,10,4,8,15,4,7,0,0,2,0,0,0
63,2022-04-19 21:51:10.203920,4,19,10,10,34,30,16,17,0,0,10,10,31,64,31,49,19,24,10,19,25,28,16,19,5,23,18,20,14,24,53,66,14,26,3,6,15,33,10,29,3,3,2,6,3,4,8,12,9,23,3,4,2,0,6,11,44,45,8,8,34,40,16,12,2,8,36,20,17,18,5,2,9,9,8,2,16,15,4,5,4,2,2,0,10,4,5,15,4,9,0,0,2,0,0,0
64,2022-04-19 22:01:57.984890,4,19,10,10,36,32,14,19,0,0,5,13,37,55,35,53,19,23,10,19,30,29,18,21,8,25,23,27,16,22,55,73,14,24,3,6,14,37,20,31,6,7,2,6,3,2,12,12,11,24,3,4,2,2,5,9,41,40,8,6,36,42,16,12,2,7,36,22,17,16,7,2,8,9,6,2,16,15,4,5,4,2,4,0,8,4,5,15,4,11,0,0,2,0,4,0
65,2022-04-19 22:11:42.985065,4,19,10,12,38,30,16,19,0,0,7,18,40,58,37,53,19,21,10,19,33,29,19,18,8,23,22,27,14,18,54,73,12,28,3,7,16,32,27,33,4,8,2,4,3,2,12,10,15,26,3,4,2,4,5,9,41,36,8,8,38,38,18,12,8,7,32,26,17,16,7,2,8,9,6,2,18,15,4,5,4,2,4,2,8,4,7,13,4,11,0,0,2,0,4,0
66,2022-04-19 22:21:53.902832,7,19,12,12,33,26,16,21,0,0,14,16,46,53,43,57,21,27,13,19,28,25,17,20,14,21,27,33,14,20,60,73,14,24,0,5,16,31,27,29,7,8,3,4,3,2,6,8,20,26,3,4,4,4,7,9,45,36,8,8,42,40,19,12,8,7,37,28,17,14,11,2,8,11,4,2,22,14,4,5,4,2,4,2,8,4,9,15,4,11,0,0,2,2,4,0
67,2022-04-19 22:31:44.271500,7,17,12,12,25,20,16,17,0,3,17,20,48,55,43,57,23,27,18,19,30,25,17,20,20,19,27,33,14,22,58,64,18,24,0,5,14,28,27,26,8,10,3,4,0,2,10,8,21,26,3,4,4,4,9,9,45,40,10,10,44,40,17,12,8,7,39,28,15,10,9,2,6,11,4,2,23,14,4,5,4,2,4,2,4,2,9,15,4,9,0,0,2,2,4,0
68,2022-04-19 22:41:17.429945,7,20,14,12,25,20,16,19,0,3,23,20,43,50,43,57,27,27,20,17,35,26,17,20,20,21,22,37,14,20,57,59,18,18,0,5,15,28,27,31,10,16,2,4,0,0,8,8,25,26,2,2,6,4,15,9,45,38,16,8,43,34,15,8,8,7,37,31,18,8,9,2,6,11,4,2,23,14,4,3,4,2,4,2,4,5,9,15,4,8,0,0,2,2,0,0
69,2022-04-19 22:51:09.647178,7,20,14,14,27,20,18,21,0,3,23,21,45,42,55,60,29,31,18,13,32,28,23,22,18,21,19,33,18,20,58,63,18,24,0,5,19,30,25,27,10,18,2,3,0,0,8,8,22,26,2,2,8,6,15,9,43,36,16,8,43,38,13,6,5,3,37,35,18,8,7,0,6,11,6,2,23,14,4,3,4,4,4,2,6,5,7,12,4,6,0,0,2,2,0,0
70,2022-04-19 23:05:06.651474,3,24,12,12,20,16,17,22,0,3,19,19,42,36,59,61,31,22,16,14,29,28,24,24,18,21,25,31,22,20,68,71,18,20,0,5,26,30,20,27,8,13,2,3,0,0,8,8,22,24,3,3,11,6,19,9,38,32,8,6,41,38,11,4,0,5,35,33,18,10,4,0,4,11,4,0,21,14,4,3,4,4,4,2,2,0,7,10,4,6,0,0,0,0,0,0
71,2022-04-19 23:21:43.064284,0,22,10,12,20,14,17,18,0,3,22,17,35,37,74,57,21,16,12,12,31,28,24,23,16,17,23,29,20,20,71,69,12,18,0,4,25,24,22,27,8,8,3,6,0,0,9,8,22,24,3,3,9,8,19,10,34,25,8,6,43,32,9,4,4,2,32,33,13,10,2,0,0,6,4,0,19,14,0,0,4,4,4,2,2,0,7,8,4,4,0,0,0,0,3,0
72,2022-04-19 23:32:16.867730,4,21,10,10,18,12,15,20,0,3,22,17,32,35,72,47,21,16,12,12,28,24,24,19,12,13,19,26,20,20,71,73,14,16,0,7,22,20,24,29,8,8,3,5,0,0,9,8,16,16,3,3,9,8,19,10,31,21,8,6,43,28,5,4,4,2,32,26,13,8,2,0,0,0,4,0,15,6,0,0,4,2,4,4,2,0,9,6,4,4,0,0,0,0,3,0
73,2022-04-19 23:41:09.698740,4,13,10,8,16,10,16,15,2,3,21,16,30,33,71,40,9,8,8,10,30,24,21,19,9,13,20,21,23,18,64,61,14,16,0,10,18,15,24,29,5,8,3,5,0,0,9,10,19,16,3,3,11,6,10,12,31,15,6,2,41,30,3,2,0,0,28,22,11,8,2,0,0,0,2,0,13,8,0,0,4,2,4,4,2,0,7,4,4,4,0,0,0,0,3,0
74,2022-04-19 23:52:03.376234,7,10,10,8,12,9,10,12,2,3,19,12,31,39,55,35,7,8,8,8,26,20,21,19,3,9,22,21,19,16,63,46,14,16,2,8,17,14,29,20,5,8,3,5,0,0,4,10,17,18,3,3,11,6,10,12,23,11,4,2,33,24,3,2,0,0,26,19,9,6,2,0,0,0,0,0,15,8,0,0,2,2,6,4,0,0,5,4,4,4,0,0,0,0,3,0
75,2022-04-20 00:09:35.575902,10,6,4,4,10,11,8,15,2,3,17,13,32,28,53,36,3,3,4,6,12,8,23,17,5,9,15,19,19,12,45,46,12,12,2,10,11,14,24,16,9,10,3,5,0,0,8,12,19,18,3,3,7,6,4,8,17,9,2,2,23,18,0,0,0,0,20,11,9,6,2,0,0,0,0,0,13,8,0,0,2,0,4,4,0,0,2,2,4,4,0,0,0,0,3,5
76,2022-04-20 00:11:43.767806,8,6,4,4,10,11,8,15,2,3,17,13,38,28,55,36,3,3,4,6,12,8,23,17,5,9,15,20,19,12,41,48,12,12,2,10,11,14,20,16,9,10,3,5,0,0,11,10,19,18,3,3,7,6,4,8,14,9,0,0,23,16,0,0,0,0,20,11,9,4,2,0,0,0,0,0,13,8,0,0,2,0,4,4,0,0,2,2,4,4,0,0,0,0,3,5
77,2022-04-20 00:22:20.558791,8,6,4,4,8,11,11,13,2,3,17,10,41,26,52,36,3,3,7,6,10,8,25,16,3,9,19,24,19,13,43,44,12,15,2,10,9,15,16,14,9,10,3,5,0,0,13,10,17,18,2,2,7,6,5,10,9,0,0,0,21,16,0,0,0,0,14,11,0,0,2,0,0,0,0,0,11,6,0,0,0,0,2,4,0,0,2,2,4,4,0,0,0,0,3,5
78,2022-04-20 00:31:59.904956,5,6,0,4,6,9,14,11,2,3,13,10,48,32,49,34,1,3,7,6,10,10,23,16,5,9,22,33,13,13,47,42,14,17,3,13,9,15,12,8,9,10,3,5,0,0,13,8,19,19,2,2,12,6,12,12,7,2,0,0,23,16,0,0,0,0,9,6,0,0,2,0,0,0,0,0,7,4,0,0,0,0,2,2,0,0,2,2,4,4,0,0,0,0,3,5
79,2022-04-20 00:41:01.126010,2,6,0,4,6,9,14,11,2,3,13,10,47,34,48,32,4,3,7,8,18,10,21,19,5,8,28,35,11,14,44,42,14,15,3,13,9,15,7,6,7,10,2,5,0,0,11,8,17,19,2,2,12,6,12,12,4,2,0,0,19,14,0,0,0,0,9,6,0,0,2,0,0,0,0,0,7,4,0,0,0,0,2,2,0,0,2,2,4,4,0,0,0,0,3,5
80,2022-04-20 00:51:03.293926,2,8,0,2,4,9,9,15,0,0,17,13,44,38,51,38,4,3,6,6,18,10,17,19,5,8,28,35,11,14,36,34,12,13,6,13,12,20,7,6,7,13,0,3,0,0,11,9,19,20,2,2,10,4,12,12,4,2,0,0,21,16,0,0,0,0,9,4,0,0,0,0,0,0,0,0,7,6,0,0,0,0,2,4,0,0,2,2,4,4,0,0,0,0,3,5
81,2022-04-20 01:05:05.949228,5,8,2,2,12,9,11,9,0,0,18,13,41,36,51,40,4,3,6,6,18,10,15,15,6,8,30,38,13,14,34,34,10,11,8,12,11,17,7,5,7,13,0,3,0,0,15,9,21,26,2,2,10,4,12,12,4,2,0,0,21,14,0,0,0,0,7,2,0,0,0,0,0,0,0,0,5,4,0,0,0,0,4,4,0,0,2,5,2,2,0,0,0,0,0,5
82,2022-04-20 01:11:40.699579,5,6,2,2,10,4,11,9,0,0,15,13,39,38,46,32,4,1,3,4,18,12,15,13,6,9,28,38,15,14,32,30,10,11,8,12,14,17,7,5,7,15,0,3,0,0,15,10,16,26,2,2,10,4,13,12,4,2,0,0,21,14,0,0,0,0,4,2,0,0,0,0,0,0,0,0,5,4,0,0,0,0,4,4,0,0,2,5,2,2,0,0,0,0,0,5
83,2022-04-20 01:22:09.501869,5,6,2,2,10,4,9,7,0,0,14,13,37,34,48,35,4,0,3,4,14,10,15,10,6,11,33,38,15,14,21,27,8,8,7,12,15,17,7,7,4,15,2,3,0,0,12,10,16,24,2,2,7,4,10,8,2,2,0,0,21,12,0,0,0,0,4,2,0,0,0,0,0,0,0,0,5,4,0,0,0,0,7,4,0,0,2,3,2,2,0,0,0,0,0,5
84,2022-04-20 01:31:52.966578,2,4,2,2,10,4,5,5,0,0,15,11,41,34,48,37,4,0,0,4,10,8,12,10,6,11,30,38,15,16,26,27,6,8,5,10,13,17,4,7,3,13,2,4,0,0,12,10,16,24,0,0,5,4,7,6,2,2,0,0,21,12,0,0,0,0,2,0,0,0,0,0,0,0,0,0,5,4,0,0,0,0,7,4,0,0,2,3,2,2,0,0,0,0,0,5
85,2022-04-20 01:41:53.495285,6,4,0,2,8,2,3,0,0,0,17,11,38,30,46,38,1,0,0,2,8,8,9,8,8,15,30,38,14,14,25,27,6,6,5,10,13,19,5,7,3,11,2,5,0,0,13,10,17,22,0,0,5,4,7,6,2,2,0,0,21,12,0,0,0,0,2,0,0,0,0,0,0,0,0,0,5,4,0,0,0,0,7,4,0,0,0,3,2,2,0,0,0,0,0,5
86,2022-04-20 01:51:42.969005,2,2,0,2,5,2,0,0,0,0,19,12,35,30,48,36,1,0,0,2,9,8,9,8,9,15,26,36,8,8,29,27,6,6,5,9,15,19,5,7,3,9,0,5,0,0,13,9,13,23,0,0,5,4,7,6,2,2,0,0,21,12,0,0,0,0,0,0,0,0,0,0,0,0,0,0,5,2,0,0,0,0,7,4,0,0,0,3,2,2,0,0,0,0,0,5
87,2022-04-20 02:09:09.416751,0,2,0,0,3,2,0,0,0,0,17,12,29,31,46,34,1,0,2,2,8,13,9,8,5,13,26,36,2,6,29,27,4,4,5,11,15,17,3,5,6,7,0,2,0,0,10,9,15,19,0,1,3,2,4,4,2,2,0,0,19,12,0,0,0,0,0,0,0,0,0,0,0,0,0,0,3,2,0,0,0,0,5,4,0,0,0,3,2,2,0,0,0,0,0,5
88,2022-04-20 02:11:37.557602,0,1,0,0,3,2,0,0,0,0,15,12,29,31,46,34,1,0,2,2,6,13,9,8,5,13,29,36,2,6,26,27,2,4,5,11,15,17,3,5,8,7,0,2,0,0,10,9,15,19,0,1,3,2,4,4,2,2,0,0,17,8,0,0,0,0,0,0,0,0,0,0,0,0,0,0,3,2,0,0,0,0,5,4,0,0,0,3,2,2,0,0,0,0,0,5
89,2022-04-20 02:21:28.461416,0,1,0,0,3,2,0,2,0,0,19,11,29,29,44,36,1,0,2,4,6,13,7,8,8,13,29,40,7,6,28,25,3,2,5,11,10,17,6,5,8,9,0,2,0,0,10,7,15,16,1,1,3,2,0,3,2,2,0,0,12,8,0,0,0,0,0,0,0,0,0,0,0,0,0,0,3,2,0,0,0,0,5,4,0,0,0,3,2,2,0,0,0,0,0,5
90,2022-04-20 02:32:16.853394,0,1,0,0,3,2,4,2,0,0,21,11,31,27,37,31,1,2,2,4,6,13,9,8,6,13,29,26,7,6,27,23,3,2,7,11,10,17,6,7,8,9,0,2,0,0,10,7,8,9,1,1,0,0,0,0,2,2,0,0,10,6,0,0,0,0,0,0,0,0,0,0,0,0,0,0,3,2,0,0,0,0,5,4,0,0,0,0,2,2,0,0,0,0,0,5
91,2022-04-20 02:42:02.080419,0,1,0,0,3,2,2,2,0,0,19,10,35,25,30,26,1,2,3,2,6,13,9,8,9,9,20,23,7,6,23,26,3,2,7,11,10,13,6,7,8,9,0,2,0,0,8,5,6,13,1,1,0,0,0,0,2,2,0,0,10,6,0,0,0,0,0,0,0,0,0,0,0,0,0,0,0,0,0,0,0,0,5,4,0,0,0,0,2,2,0,0,0,0,0,5
92,2022-04-20 02:52:02.638970,0,1,0,0,3,4,2,2,0,0,17,10,28,23,26,23,0,2,3,2,6,18,9,6,7,7,11,21,7,6,17,22,3,2,7,11,6,6,5,6,5,9,0,2,0,0,6,3,4,11,1,1,0,0,0,0,2,2,0,0,8,6,0,0,0,0,0,0,0,0,0,0,0,0,0,0,0,0,0,0,0,0,5,4,0,0,0,0,2,2,0,0,0,0,0,5
93,2022-04-20 19:02:37.281648,0,7,0,5,0,10,0,0,0,4,4,9,3,35,4,29,2,34,5,5,0,3,0,2,4,6,0,9,0,9,9,29,0,2,0,4,0,13,2,14,0,4,2,6,0,0,0,1,0,1,0,0,0,0,0,0,9,11,2,6,4,6,0,4,3,3,6,9,0,0,2,8,0,2,1,2,6,9,0,0,0,0,0,0,0,4,0,5,2,2,0,0,0,0,0,0
94,2022-04-20 19:10:54.087889,0,11,2,3,0,15,0,0,0,4,4,9,3,41,4,31,2,38,6,3,1,3,0,2,5,9,0,11,0,8,9,29,0,4,0,3,0,16,4,16,0,4,2,6,0,0,0,1,0,2,0,0,0,0,0,0,17,11,2,2,4,8,0,6,3,3,6,11,0,0,4,8,0,2,2,2,8,9,0,0,0,0,0,0,2,4,0,5,2,2,0,0,0,0,0,0
95,2022-04-20 19:20:57.130755,0,12,2,6,2,15,0,2,0,4,4,11,7,43,6,33,4,35,6,1,1,3,0,7,5,9,2,11,2,9,15,33,0,6,0,3,0,23,6,16,2,6,2,6,0,0,0,1,0,2,0,0,0,0,0,0,17,11,2,4,6,8,5,8,3,3,10,15,0,2,4,8,0,2,2,2,10,9,2,2,0,0,0,0,2,4,0,5,2,2,0,0,0,0,0,0
96,2022-04-20 19:31:30.832567,0,13,2,4,2,15,0,2,0,4,6,14,11,39,8,39,6,34,6,1,1,2,0,7,5,8,2,11,2,9,17,33,4,6,1,5,0,25,6,16,2,6,2,7,0,0,0,1,0,2,0,0,0,0,0,0,19,11,4,4,8,12,7,10,3,3,14,21,2,2,4,8,0,4,2,2,12,7,2,2,0,0,0,0,2,4,0,7,2,2,0,0,0,0,0,0
97,2022-04-20 19:41:07.039705,0,14,2,4,2,15,0,4,1,4,6,13,11,35,10,39,6,33,4,2,1,3,0,9,7,8,2,13,2,11,24,34,4,6,1,7,0,24,8,16,2,6,2,6,0,0,0,0,0,4,0,0,0,0,0,0,19,11,6,4,14,14,7,12,3,3,16,25,8,6,4,8,0,4,6,2,14,7,2,2,0,0,0,0,4,4,0,7,4,2,0,0,0,0,0,0
98,2022-04-20 19:51:03.118948,0,14,2,4,5,15,0,6,1,3,5,15,11,35,8,37,6,33,4,5,1,5,0,9,7,14,2,13,4,12,30,41,6,6,1,5,0,25,8,21,2,6,0,4,0,0,2,0,0,3,0,0,2,2,0,0,19,15,6,4,20,16,7,16,3,3,16,25,8,8,6,8,0,4,8,2,14,7,2,4,0,0,0,0,6,4,0,9,4,2,0,0,0,0,0,0
99,2022-04-20 20:05:48.529146,0,16,4,4,9,15,0,10,1,3,5,14,15,42,10,40,9,31,5,5,1,7,0,7,7,15,6,17,4,12,30,49,6,6,0,6,0,26,11,23,2,6,0,2,0,2,2,2,0,2,0,0,2,2,0,0,23,17,6,4,24,20,5,14,5,7,18,23,8,10,6,8,0,6,8,5,14,9,2,4,0,0,0,0,8,4,2,9,6,2,0,0,0,0,0,0
100,2022-04-20 20:11:28.448271,0,16,4,4,11,15,0,12,1,3,5,14,18,44,17,44,9,33,5,5,6,7,0,7,9,15,6,17,4,12,30,47,7,8,0,6,0,28,14,21,2,6,0,5,0,2,2,4,1,3,0,0,2,7,0,0,25,19,6,4,28,20,5,12,5,7,22,23,8,14,6,8,0,6,10,5,15,9,2,4,0,0,0,0,6,4,4,9,6,2,0,0,0,0,0,0
101,2022-04-20 20:21:50.412539,0,18,4,4,11,15,0,12,1,3,4,12,20,40,21,44,11,34,6,7,6,10,4,7,9,15,10,17,4,12,28,52,10,12,0,8,0,28,15,23,4,8,0,8,2,2,2,4,1,3,0,2,2,7,0,0,32,23,8,6,28,22,10,12,7,7,26,21,10,14,9,8,0,6,13,5,18,11,0,4,0,0,0,0,4,6,6,7,8,4,0,2,0,2,0,0
102,2022-04-20 20:31:45.170153,0,19,4,8,11,17,0,16,3,2,4,14,20,41,21,44,11,33,4,6,8,12,4,7,9,17,12,16,4,10,33,53,11,12,0,9,0,31,15,21,4,8,2,8,2,2,2,6,1,5,0,2,2,10,0,0,30,23,16,6,28,24,12,12,7,7,28,21,10,14,7,8,0,6,13,5,17,13,0,2,0,0,0,0,4,6,6,7,8,4,0,2,0,2,0,0
103,2022-04-20 20:40:59.023864,0,21,7,8,11,15,0,20,2,2,5,12,20,42,19,44,14,34,9,5,10,13,4,11,11,17,12,18,6,10,28,61,11,13,0,9,1,28,20,25,2,10,2,10,2,2,2,6,4,4,0,2,6,8,0,0,32,28,16,6,30,26,16,12,7,7,28,19,10,12,4,8,0,6,15,5,19,16,0,2,0,0,0,0,4,6,6,7,8,4,0,2,0,4,0,0
104,2022-04-20 20:51:16.779405,2,25,7,8,11,19,0,26,2,2,6,14,22,43,25,46,13,32,9,9,12,13,4,11,13,17,10,20,4,10,30,61,11,15,0,10,2,31,16,25,5,10,2,10,2,2,2,4,6,9,2,2,6,8,0,2,32,28,16,6,34,28,18,12,5,7,32,21,10,12,4,6,0,6,15,5,19,16,0,2,2,0,0,0,4,6,6,9,8,6,0,2,2,4,2,6
105,2022-04-20 21:09:57.140868,3,18,7,8,11,17,0,30,2,2,6,22,20,48,28,49,12,30,9,8,12,20,4,15,15,22,16,26,4,8,35,57,7,22,0,12,4,37,20,32,7,10,9,10,2,2,2,11,8,7,2,2,6,8,0,5,39,25,16,8,38,29,20,14,7,5,30,21,16,14,6,6,2,4,12,7,19,23,0,2,2,0,0,0,6,6,12,13,14,6,0,2,0,2,2,6
106,2022-04-20 21:11:43.646326,3,18,7,8,13,15,0,30,2,2,6,22,20,48,28,49,10,30,10,8,12,20,4,15,15,22,16,31,4,8,37,55,7,20,0,14,4,35,20,32,7,10,11,10,2,2,2,13,8,7,2,2,8,8,0,5,39,27,16,8,38,29,20,16,7,5,32,21,18,14,6,6,2,4,12,7,19,23,0,2,2,0,0,0,6,6,12,13,14,6,0,2,0,2,2,6
107,2022-04-20 21:21:38.385869,6,16,5,8,15,19,0,30,2,2,9,22,21,50,35,49,9,31,10,8,16,20,6,15,17,22,23,33,8,10,43,58,4,19,0,16,4,30,20,32,7,13,13,10,2,2,3,17,8,7,2,2,8,10,0,5,39,27,16,8,42,31,20,16,5,3,32,23,20,16,6,6,2,4,16,7,21,23,4,4,2,0,0,0,6,6,12,13,14,6,0,4,2,2,2,6
108,2022-04-20 21:36:41.720571,6,21,7,5,14,16,0,26,5,4,14,22,26,54,39,57,14,26,11,8,20,20,11,15,17,17,30,35,14,12,39,72,2,21,0,14,7,28,22,32,15,11,12,10,0,0,6,17,6,9,2,4,7,10,3,5,39,29,16,12,42,29,24,16,5,5,34,30,24,20,6,6,2,2,18,5,32,20,4,4,2,0,0,0,6,6,12,15,10,6,2,4,2,0,2,6
109,2022-04-20 21:42:06.487781,6,24,7,5,14,16,0,26,3,2,16,22,23,54,41,62,14,26,10,8,20,20,11,15,19,17,32,38,15,12,41,77,2,19,0,14,7,28,22,36,15,12,12,10,0,0,8,17,6,9,2,4,9,10,4,5,39,29,16,12,42,29,24,16,5,5,34,32,24,20,6,6,2,2,18,5,30,20,4,4,2,0,0,0,6,4,12,12,10,6,2,4,2,0,2,3
110,2022-04-20 21:51:07.285940,4,24,7,2,14,18,0,18,3,2,16,25,24,55,43,69,13,30,9,8,21,19,9,13,23,18,32,44,15,14,39,81,2,19,0,12,7,28,21,34,15,10,12,10,0,0,12,17,9,9,2,4,11,10,6,5,39,33,16,12,42,33,22,16,7,7,34,27,26,22,8,6,2,2,16,7,30,20,4,2,2,0,2,0,4,4,12,14,11,6,4,4,2,0,0,0
111,2022-04-20 22:05:33.024573,13,24,2,3,14,16,10,16,5,2,23,25,28,43,50,67,11,25,10,6,20,16,9,13,22,16,39,44,17,14,42,81,2,27,2,11,10,27,23,39,15,10,11,10,0,0,12,13,12,12,2,2,14,10,6,5,39,36,16,10,44,33,22,18,4,7,36,27,24,28,10,6,2,2,12,7,30,24,2,2,2,0,2,0,4,4,12,14,9,4,4,4,2,0,3,2
112,2022-04-20 22:20:22.651024,15,21,2,3,16,16,14,16,5,2,26,24,29,45,51,65,12,27,10,4,19,14,12,11,11,12,41,42,17,14,43,85,4,29,2,11,13,32,26,34,17,11,7,7,0,0,14,15,15,13,4,2,14,12,6,5,39,38,22,10,45,32,17,18,2,7,36,29,22,28,10,6,2,0,12,7,29,24,4,6,2,0,4,0,4,8,12,16,9,2,0,2,2,0,3,2
113,2022-04-20 22:21:43.364603,15,21,2,3,16,16,14,16,5,4,26,24,29,43,51,63,10,26,10,4,19,14,12,11,11,12,41,42,17,14,43,85,6,29,2,11,13,32,28,34,17,11,7,7,0,0,14,15,15,13,4,2,14,12,6,5,39,38,22,8,43,32,17,18,4,7,36,29,22,28,10,6,2,0,12,7,29,24,4,6,2,0,4,0,4,8,12,16,9,2,0,2,2,0,3,2
114,2022-04-20 22:31:30.665014,15,19,2,6,16,19,12,16,8,4,28,26,29,43,51,60,6,24,8,4,17,17,14,11,13,11,47,37,12,8,39,86,6,29,2,11,13,34,33,34,13,11,5,7,0,0,15,11,19,18,6,2,10,9,5,3,43,37,22,8,43,34,15,20,4,7,36,27,24,24,10,6,2,0,14,7,31,20,6,6,2,0,4,0,6,10,10,14,4,2,0,0,2,0,3,2
115,2022-04-20 22:41:00.150796,17,19,2,8,18,17,10,14,5,7,27,25,25,42,54,57,5,20,8,4,15,16,12,11,10,10,47,36,11,6,38,88,6,30,2,12,16,36,37,24,13,9,3,5,0,0,15,13,16,16,4,2,14,9,4,3,41,39,18,8,43,37,15,22,4,9,34,27,26,22,10,4,2,0,14,7,34,20,6,6,2,0,4,0,6,10,10,12,4,2,0,0,2,0,0,2
116,2022-04-20 22:51:39.490507,15,17,4,8,16,15,10,14,8,7,21,20,24,32,54,56,6,20,8,7,17,14,9,9,10,10,40,31,5,2,44,77,4,26,2,12,18,36,31,24,15,9,3,5,0,0,15,15,16,16,2,2,17,11,4,3,41,36,16,6,40,41,25,22,4,9,33,26,26,24,10,4,2,0,14,7,34,20,6,6,2,0,4,2,9,8,8,12,2,2,0,0,2,0,0,2
117,2022-04-20 23:02:18.343942,15,17,4,12,17,16,10,16,8,7,21,20,27,28,52,50,12,19,8,7,17,14,9,9,10,17,31,30,3,2,51,75,4,28,0,12,14,38,27,25,12,9,5,7,0,0,17,18,10,16,2,0,18,11,4,3,33,34,8,6,38,39,21,18,4,9,35,26,26,24,10,2,2,0,18,5,31,15,6,6,2,0,4,2,9,8,8,12,2,2,0,0,2,0,0,2
118,2022-04-20 23:11:40.718492,12,17,8,10,17,14,10,16,8,7,24,16,30,26,53,43,12,19,8,5,13,12,9,7,6,13,31,34,3,2,46,62,6,27,2,10,10,39,27,27,12,10,5,8,0,0,21,18,12,16,0,0,14,9,4,5,39,26,8,6,36,35,17,18,4,9,36,20,26,24,10,2,0,0,16,5,34,15,6,6,0,0,4,2,7,4,8,10,2,0,0,0,2,0,0,2
119,2022-04-20 23:22:10.763950,9,15,8,10,17,14,10,16,8,7,25,16,25,27,56,44,12,18,7,5,14,12,7,7,6,11,29,30,3,2,58,47,12,25,2,9,12,33,27,31,9,12,6,10,0,0,18,27,14,16,0,0,14,11,6,2,35,27,6,6,34,31,17,18,4,9,30,20,26,20,4,5,0,0,16,5,30,8,2,6,0,0,4,2,7,4,6,6,2,0,0,0,2,0,0,2
120,2022-04-20 23:31:05.230319,7,13,8,10,13,14,12,14,8,7,23,17,24,27,52,41,14,19,7,5,14,12,5,7,4,11,25,31,0,0,62,51,12,19,2,20,14,34,22,31,12,12,6,10,0,0,18,26,17,16,0,0,12,11,6,6,33,29,6,6,36,29,15,12,4,4,21,18,20,20,4,5,0,0,16,5,26,6,2,2,0,0,4,2,7,2,6,2,2,0,0,0,2,0,0,2
121,2022-04-20 23:41:25.690380,5,12,8,10,13,9,12,15,8,9,23,15,24,23,50,40,11,16,7,7,10,12,7,11,8,11,29,33,0,0,56,49,10,15,4,15,13,33,22,29,14,9,6,11,0,0,16,22,11,18,0,2,12,11,8,6,31,29,6,6,35,23,11,10,2,4,23,16,18,16,4,5,0,0,16,3,23,10,0,0,0,0,4,2,7,2,2,2,2,0,0,0,2,0,0,4
122,2022-04-20 23:51:15.364032,5,10,10,10,13,9,8,13,8,11,23,15,21,17,47,30,12,16,7,7,10,10,10,11,6,11,24,35,0,0,58,47,10,15,4,15,12,36,24,21,12,9,6,11,0,0,17,26,11,16,0,2,10,9,8,8,27,31,2,2,37,21,7,4,2,2,19,14,16,14,2,5,0,0,6,3,20,12,0,0,0,0,4,2,5,0,0,0,2,0,0,0,0,0,0,4
123,2022-04-21 00:09:41.941314,7,4,12,7,7,5,6,9,10,11,18,13,20,19,38,36,9,10,5,7,3,2,14,14,12,11,29,40,0,2,49,35,10,11,4,17,16,35,14,17,17,9,4,10,0,0,21,24,9,17,0,2,10,11,8,8,23,27,2,0,39,21,0,0,0,0,13,7,14,8,2,3,0,0,0,0,15,8,0,0,0,0,2,2,0,0,0,0,2,0,0,0,0,0,3,4
124,2022-04-21 00:11:23.019636,7,4,12,7,5,5,6,9,10,11,18,13,20,19,40,33,9,10,5,7,3,2,14,14,12,9,29,36,2,2,49,35,10,13,4,17,16,35,14,17,17,9,4,10,0,0,21,24,9,17,0,2,10,11,10,8,23,27,2,0,39,21,0,0,0,0,13,7,12,8,2,3,0,0,0,0,17,8,0,0,0,0,2,2,0,0,0,0,2,0,0,0,0,0,3,4
125,2022-04-21 00:21:21.019124,0,5,6,2,5,5,6,8,7,9,16,11,22,22,40,29,9,12,4,4,3,2,12,11,10,9,29,38,2,2,40,31,9,13,4,19,16,30,16,17,12,9,1,9,0,0,23,27,9,15,0,2,7,10,10,8,23,24,0,0,37,21,0,0,0,0,9,4,12,8,2,3,0,0,0,0,18,8,0,0,0,0,2,2,0,0,0,0,2,0,0,0,0,0,5,4
126,2022-04-21 00:31:23.078126,0,3,2,2,2,2,9,8,7,9,14,9,24,24,35,29,13,14,4,4,5,2,9,11,8,11,25,38,4,2,36,31,9,15,4,17,20,28,14,15,10,9,1,9,0,0,21,23,8,15,0,2,5,8,10,8,21,21,0,0,33,17,0,0,0,0,5,2,12,8,2,3,0,0,0,0,18,8,0,0,0,0,2,2,0,0,0,0,0,0,0,0,0,0,8,4
127,2022-04-21 00:42:20.146194,0,1,2,4,0,0,9,6,4,6,13,9,23,27,31,29,13,14,2,2,5,2,11,13,8,11,23,34,4,2,32,31,9,15,4,15,21,23,14,15,5,9,4,9,0,0,25,17,10,13,2,2,5,8,10,8,23,13,0,0,25,15,0,0,0,0,3,2,12,4,2,3,0,0,0,0,18,9,0,0,0,0,2,2,0,0,0,0,0,0,0,0,0,0,8,4
128,2022-04-21 00:51:20.650563,0,1,4,4,0,0,7,8,6,6,16,9,25,27,34,29,13,14,0,0,5,2,11,13,6,9,27,32,4,0,32,29,9,13,6,17,21,24,14,13,8,7,4,5,0,0,21,17,10,13,3,2,7,8,6,6,23,13,0,0,23,15,0,0,0,0,0,0,10,4,2,3,0,0,0,0,20,11,0,0,0,0,2,2,0,0,0,0,0,0,0,0,0,0,8,4
129,2022-04-21 01:11:10.000792,0,2,2,2,0,2,5,8,6,6,13,10,25,37,31,26,11,12,0,0,5,4,11,15,2,7,28,28,0,0,30,30,13,13,6,13,22,22,10,13,6,13,5,3,0,0,20,19,6,7,3,2,9,8,7,6,19,13,0,0,23,13,0,0,0,0,0,0,8,2,2,3,0,0,0,0,10,7,0,0,0,0,0,0,0,0,0,0,0,0,0,0,0,0,5,4
130,2022-04-21 01:21:26.539736,0,2,2,2,0,2,5,4,6,6,13,11,20,35,29,24,11,11,0,0,7,6,9,15,2,5,24,28,0,0,32,30,11,13,6,12,20,22,8,11,5,13,3,3,0,0,22,14,4,9,3,2,7,6,9,8,19,11,0,0,23,11,0,0,0,0,0,0,8,4,2,3,0,0,0,0,10,7,0,0,0,0,0,0,0,0,0,0,0,0,0,0,0,0,5,4
131,2022-04-21 01:31:31.616031,0,2,2,2,0,2,5,4,6,6,11,9,16,32,20,22,11,11,0,0,7,6,11,15,5,5,24,28,0,0,33,26,11,11,6,6,20,19,10,9,5,14,3,3,0,0,22,14,4,9,3,2,7,6,9,8,19,13,0,0,17,11,0,0,0,0,0,0,8,4,2,3,0,0,0,0,10,7,0,0,0,0,0,0,0,0,0,0,0,0,0,0,0,0,2,4
132,2022-04-21 01:41:21.236447,0,2,2,2,0,2,5,4,4,6,11,8,16,22,22,17,11,11,0,0,9,6,9,15,5,5,27,30,0,0,31,24,8,9,6,6,20,18,8,7,5,14,3,3,0,0,19,14,4,9,3,2,5,6,4,6,17,13,0,0,12,9,0,0,0,0,0,0,8,4,2,3,0,0,0,0,10,7,0,0,0,0,0,0,0,0,0,0,0,0,0,0,0,0,2,2
133,2022-04-21 01:51:06.756723,0,3,0,0,0,2,5,4,4,4,10,8,13,25,20,13,9,11,0,0,9,6,9,11,7,5,25,32,0,0,31,26,7,7,6,6,20,19,6,7,4,14,3,3,0,0,21,14,2,7,3,2,4,6,4,4,17,13,0,0,12,11,0,0,0,0,0,0,6,2,2,3,0,0,0,0,10,7,0,0,0,0,0,0,0,0,0,0,0,0,0,0,0,0,2,2
134,2022-04-21 02:05:03.208483,0,3,0,0,0,2,5,4,2,2,7,8,11,20,20,17,6,6,0,0,2,5,5,8,7,5,19,26,0,0,32,26,5,7,6,6,15,18,6,9,6,9,3,3,0,0,12,16,3,6,3,2,0,2,2,4,11,9,0,0,10,9,0,0,0,0,0,0,4,2,0,0,0,0,0,0,4,6,0,0,0,0,0,0,0,0,0,0,0,0,0,0,0,0,2,2
135,2022-04-21 02:11:23.249007,0,3,0,0,0,2,3,2,0,2,9,8,13,20,18,20,6,6,0,0,2,5,5,9,7,5,19,23,0,0,21,20,5,7,6,9,15,16,6,9,6,12,3,3,0,0,12,14,3,6,0,2,0,2,2,4,11,9,0,0,12,9,0,0,0,0,0,0,4,2,0,0,0,0,0,0,4,6,0,0,0,0,0,0,0,0,0,0,0,0,0,0,0,0,2,2
136,2022-04-21 02:21:32.849822,0,2,0,0,0,2,0,2,0,2,9,8,12,20,16,16,6,6,0,0,2,3,5,7,4,5,16,26,0,0,27,20,3,7,4,9,15,16,8,9,4,12,2,3,0,0,12,11,3,6,0,2,0,2,2,2,9,7,0,0,12,9,0,0,0,0,0,0,4,2,0,0,0,0,0,0,4,2,0,0,0,0,0,0,0,0,0,0,0,0,0,0,0,0,0,0
137,2022-04-21 02:31:30.003920,0,2,0,0,0,2,0,2,2,2,9,8,12,17,13,16,2,2,0,0,2,3,5,7,2,4,11,24,0,0,24,16,3,5,4,9,17,15,6,9,4,12,2,3,0,0,12,11,3,6,0,2,0,2,2,2,7,7,0,0,12,9,0,0,0,0,0,0,2,2,0,0,0,0,0,0,4,2,0,0,0,0,0,0,0,0,0,0,0,0,0,0,0,0,0,0
138,2022-04-21 02:41:53.007140,0,2,0,0,0,2,0,2,2,2,7,8,8,15,13,16,2,2,0,0,4,3,5,7,2,6,20,15,0,0,19,17,0,0,4,9,15,14,6,9,6,10,2,3,0,0,12,11,3,6,0,2,0,2,0,2,4,2,0,0,12,9,0,0,0,0,0,0,2,2,0,0,0,0,0,0,4,2,0,0,0,0,0,0,0,0,0,0,0,0,0,0,0,0,0,0
139,2022-04-21 02:51:33.371882,0,0,0,0,0,2,0,2,2,2,7,8,8,16,16,16,0,0,0,0,2,3,4,5,2,6,20,15,0,0,9,19,0,0,4,9,15,12,4,9,4,11,2,3,0,0,12,8,3,6,0,2,0,2,0,2,0,0,0,0,12,11,0,0,0,0,0,0,0,0,0,0,0,0,0,0,2,0,0,0,0,0,0,0,0,0,0,0,0,0,0,0,0,0,0,0
140,2022-04-21 19:06:14.478811,0,7,0,9,0,8,0,2,0,0,0,1,2,32,6,30,0,19,3,2,0,9,0,2,0,2,0,8,0,5,6,15,0,3,0,9,0,17,2,17,0,2,0,5,0,0,2,4,0,3,0,0,0,0,0,0,8,16,2,7,20,14,0,6,2,6,6,6,2,2,2,4,0,0,2,0,2,0,0,0,2,0,0,0,0,2,3,6,0,3,0,0,0,2,0,0
141,2022-04-21 19:29:41.142054,0,8,0,9,6,12,0,19,0,0,3,3,0,33,10,37,0,19,3,7,3,11,2,7,0,2,2,16,0,5,12,26,0,8,0,7,0,15,0,10,0,5,0,6,0,0,2,8,0,3,0,0,0,2,0,0,19,18,4,9,20,14,0,11,6,8,15,6,8,2,2,4,0,0,2,1,4,0,0,2,2,0,0,0,0,4,3,8,0,3,0,0,0,2,0,0
142,2022-04-21 19:45:37.331320,0,6,0,11,6,16,0,19,0,0,3,5,5,39,14,37,4,18,5,8,3,10,2,5,0,4,2,19,0,5,12,36,0,12,0,6,0,13,2,11,0,5,0,5,0,0,2,8,3,3,0,0,0,4,0,0,21,23,8,13,27,20,2,9,6,8,26,6,10,2,2,4,0,0,2,1,4,2,0,2,2,0,2,0,0,4,3,8,2,3,0,0,0,3,0,0
143,2022-04-21 20:02:36.129964,0,9,3,11,12,16,0,6,0,4,3,6,9,39,20,41,6,21,5,10,9,16,2,7,0,4,2,21,2,5,12,40,2,11,0,4,0,17,2,14,0,6,0,6,0,0,2,4,5,5,2,4,0,4,0,0,28,23,10,18,40,26,2,13,10,6,24,6,12,6,7,6,0,0,2,1,12,4,0,2,2,0,2,0,2,4,3,10,2,3,0,0,0,1,0,0
144,2022-04-21 20:17:37.706738,0,10,3,13,12,16,2,10,0,4,5,7,13,38,20,37,8,21,7,9,15,18,4,6,0,4,2,22,2,5,16,45,4,16,2,6,0,19,2,12,4,9,1,6,0,2,0,2,5,7,2,4,2,4,0,0,30,29,10,20,45,26,7,17,8,6,31,10,14,8,7,8,0,0,2,1,12,4,4,2,2,0,4,0,4,4,5,8,2,3,0,0,0,0,0,0
145,2022-04-21 20:33:36.937301,1,10,5,20,17,16,6,10,0,4,3,5,15,40,22,41,8,15,9,11,14,18,2,4,0,6,4,23,4,7,14,45,4,17,2,5,0,16,2,14,5,8,2,6,0,2,0,4,5,7,2,4,4,4,0,0,33,27,12,24,45,39,13,17,8,6,27,12,16,8,7,10,0,0,2,1,16,4,4,2,0,0,4,0,4,7,7,10,2,3,0,0,0,0,0,0
146,2022-04-21 20:49:43.819247,1,10,11,20,20,16,6,10,0,4,3,5,21,41,21,45,9,16,9,17,13,19,3,4,0,8,2,24,4,7,24,39,4,15,2,5,2,13,2,16,5,14,2,4,0,2,0,6,5,4,2,6,4,4,0,0,33,23,12,24,43,39,11,17,8,6,33,16,16,12,6,8,3,0,4,1,14,4,4,2,0,0,4,0,4,7,17,10,2,3,2,0,0,0,0,0
147,2022-04-21 21:06:27.043000,1,12,13,18,18,20,6,10,1,4,3,10,28,45,26,41,9,20,7,19,19,22,4,4,2,8,7,26,3,7,18,44,2,21,2,6,2,10,4,16,7,13,2,3,0,2,0,12,2,12,2,6,6,4,0,0,35,23,16,26,43,43,13,15,8,8,28,13,18,12,10,8,3,0,6,1,17,8,0,2,0,0,4,0,4,9,17,12,2,6,2,0,0,0,0,0
148,2022-04-21 21:22:28.632700,1,14,11,20,21,20,4,12,3,4,8,12,25,44,30,45,9,21,7,17,23,27,4,4,2,8,13,23,0,5,22,49,2,21,2,4,2,14,8,20,6,13,5,3,0,2,0,10,4,14,2,6,8,4,0,0,35,25,16,26,45,47,13,15,8,12,30,17,18,14,12,8,0,0,6,1,17,10,0,2,0,2,6,0,2,9,17,12,2,6,2,0,0,0,0,0
149,2022-04-21 21:37:41.382085,1,10,10,19,16,18,2,16,9,4,8,14,34,46,31,45,15,24,9,17,24,32,6,4,2,8,20,14,2,5,24,53,6,19,2,5,9,11,10,20,9,13,5,6,0,2,4,10,4,20,4,6,6,6,0,0,35,22,18,24,45,44,13,15,8,12,28,19,20,16,12,8,0,0,4,1,17,10,0,2,4,2,6,0,6,7,14,10,4,8,2,0,0,0,0,0
150,2022-04-21 21:53:44.921754,1,8,10,17,16,18,2,16,9,4,8,16,37,40,36,43,26,27,9,20,26,32,5,4,2,10,18,16,4,7,26,51,6,17,2,7,11,17,8,19,7,15,5,6,0,2,6,12,9,20,6,6,8,6,0,0,31,24,18,22,45,40,14,13,8,10,32,21,21,18,12,10,0,0,4,1,19,12,0,2,4,2,4,0,9,7,14,12,6,8,0,0,0,0,0,0
151,2022-04-21 22:09:47.087637,0,12,11,17,16,17,4,14,9,5,12,15,36,37,38,41,25,30,10,15,33,35,7,5,8,8,20,17,8,9,34,49,5,15,2,13,16,19,12,22,7,17,7,6,0,2,16,12,13,18,6,6,8,8,0,0,32,30,18,22,42,42,16,15,8,10,32,19,21,20,12,12,0,0,4,1,21,17,0,2,4,2,4,0,9,5,14,12,4,2,0,0,0,0,0,0
152,2022-04-21 22:29:55.741469,0,12,16,21,13,14,8,16,6,5,14,12,33,32,45,41,33,28,10,12,39,33,9,7,6,10,18,22,10,8,43,43,7,14,3,9,16,17,14,26,12,13,6,3,0,0,18,14,13,16,7,6,10,10,2,0,42,37,18,22,38,38,17,15,8,6,30,21,18,14,10,14,0,0,2,0,20,15,0,2,4,2,4,0,9,5,16,12,4,2,0,0,0,0,0,0
153,2022-04-21 22:45:47.610336,0,15,16,23,15,16,10,16,6,5,13,12,41,28,51,38,31,25,12,10,30,34,9,11,8,10,16,27,8,8,38,48,7,10,3,9,9,21,16,21,13,12,6,5,0,0,27,14,13,12,5,8,10,12,0,1,39,35,16,20,40,40,13,13,10,6,32,19,20,14,8,12,0,0,2,0,19,15,0,2,4,4,2,0,9,5,14,14,2,2,0,0,0,0,0,0
154,2022-04-21 23:06:38.295802,3,15,19,19,18,14,8,16,2,2,13,12,37,36,39,30,22,27,12,10,30,27,8,8,11,8,16,31,4,8,37,43,7,12,3,7,10,25,18,19,11,12,5,5,0,3,26,12,7,10,5,11,10,12,0,1,35,33,14,18,40,34,13,12,10,6,25,17,16,8,10,8,0,0,2,0,20,15,0,2,4,4,2,0,9,0,12,14,4,2,0,0,0,0,0,0
155,2022-04-21 23:25:04.164600,9,18,23,19,19,16,8,21,2,2,8,8,32,35,35,18,21,23,7,8,26,26,8,8,11,8,21,34,4,6,47,39,7,14,3,7,10,25,14,16,10,11,3,5,0,3,21,6,9,16,9,5,13,14,1,1,26,22,10,14,41,28,11,12,8,4,21,13,11,8,8,4,0,0,2,3,26,7,0,2,4,2,2,0,4,0,9,10,4,4,0,0,0,0,0,0
156,2022-04-21 23:40:56.572061,3,18,21,17,19,14,8,15,2,2,7,4,22,22,28,22,21,15,7,6,27,30,16,8,14,10,20,33,8,6,35,30,5,6,3,7,10,21,12,12,11,11,3,5,0,3,17,12,5,6,9,5,9,10,1,1,20,13,12,12,37,22,7,5,4,4,15,5,7,4,4,2,0,0,2,3,22,5,0,0,4,2,0,0,4,0,9,8,4,2,0,0,0,2,0,0
157,2022-04-22 00:01:08.386312,3,16,15,18,13,6,6,13,2,2,3,4,30,20,19,22,17,14,7,6,24,24,10,6,14,10,22,27,5,6,35,29,0,3,1,7,7,10,14,13,11,11,2,4,0,3,9,7,2,6,11,8,11,10,1,1,18,11,8,8,27,12,0,0,2,2,8,3,4,4,2,2,0,0,2,3,21,5,0,0,0,0,0,0,0,0,5,4,4,2,0,0,0,2,0,0
158,2022-04-22 00:16:55.951266,5,12,17,18,3,4,4,8,2,2,3,4,35,9,22,19,8,10,9,6,23,17,10,6,6,12,24,27,5,4,38,33,0,1,1,5,7,8,10,9,11,14,2,4,0,3,7,7,2,6,10,8,13,10,0,4,12,13,8,6,25,8,0,0,0,0,8,5,2,2,2,2,0,0,0,0,21,5,0,0,0,0,0,0,0,0,5,4,4,5,0,0,0,2,0,0
159,2022-04-22 00:32:48.426227,7,12,12,11,0,2,6,12,2,2,0,2,31,13,19,17,8,13,11,6,28,19,6,8,8,9,24,25,3,2,35,37,0,0,4,4,2,4,9,7,13,14,0,2,0,3,3,6,2,6,10,8,13,13,0,4,14,11,6,2,17,4,0,0,0,0,10,5,0,0,2,2,0,0,0,0,16,5,0,0,0,0,0,0,0,0,7,4,4,3,0,0,0,2,0,0
160,2022-04-22 00:48:59.124682,5,10,9,11,2,2,8,10,2,2,0,4,19,14,19,15,9,11,11,6,25,18,8,6,6,7,22,23,3,2,34,39,0,0,5,4,2,0,8,7,15,14,0,2,0,0,5,4,2,2,5,2,13,11,4,5,14,13,2,0,13,6,0,0,0,0,8,7,0,0,2,2,0,0,0,0,11,5,0,0,0,0,0,0,0,0,7,4,2,3,0,0,0,2,0,0
161,2022-04-22 01:05:34.475544,0,10,7,9,2,2,8,11,2,2,2,4,14,16,21,17,13,11,9,6,16,11,5,6,4,9,24,27,0,0,35,42,0,0,5,4,2,0,6,7,11,10,2,2,0,0,2,4,2,2,3,2,8,11,4,7,15,13,0,0,13,6,0,0,0,0,6,4,0,0,0,0,0,0,0,0,9,5,0,0,0,0,0,0,0,0,7,4,2,3,0,0,0,2,0,0
162,2022-04-22 01:20:32.950766,2,4,7,9,2,2,10,12,2,2,2,4,14,18,27,16,11,11,7,4,13,5,3,6,4,11,21,27,0,0,35,38,0,0,5,4,0,2,6,7,6,5,2,2,0,0,4,4,2,2,1,0,6,7,9,7,15,10,0,0,11,6,0,0,0,0,6,4,0,0,0,0,0,0,0,0,9,9,0,0,0,0,0,0,0,0,2,2,2,3,0,0,0,2,0,0
163,2022-04-22 01:44:34.590688,0,2,4,7,2,2,8,9,2,2,4,4,12,17,10,6,1,2,7,4,9,7,5,7,7,11,17,25,0,2,26,36,0,0,2,4,0,0,5,6,2,4,2,2,0,0,4,4,2,2,1,0,2,2,9,7,15,10,0,0,11,6,0,0,0,0,6,4,0,0,0,0,0,0,0,0,15,9,0,0,0,0,0,0,0,0,2,4,2,3,0,0,0,0,0,0
164,2022-04-22 02:06:45.986507,0,0,2,2,0,0,8,9,2,2,2,2,7,14,8,12,0,1,4,4,10,7,4,5,10,11,16,23,0,4,24,34,0,0,2,6,0,2,7,4,2,4,0,0,0,0,4,4,2,5,1,0,0,2,4,5,10,4,0,0,11,4,0,0,0,0,8,4,0,0,0,0,0,0,0,0,3,4,0,0,0,0,0,0,0,0,2,4,2,3,0,0,0,0,0,0
165,2022-04-22 02:25:08.705691,0,0,0,0,0,0,4,7,0,0,0,2,10,12,14,14,0,1,2,2,7,1,2,3,8,7,8,17,0,3,21,24,0,0,2,6,0,3,7,2,2,6,0,0,0,0,4,6,5,5,2,0,0,2,2,5,4,2,0,0,11,2,0,0,0,0,6,2,0,0,0,0,0,0,0,0,3,4,0,0,0,0,0,0,0,0,5,4,2,3,0,0,0,0,0,0
166,2022-04-22 02:49:18.524654,0,3,0,0,0,0,4,4,0,0,0,2,13,10,19,17,0,1,0,2,1,1,0,3,6,7,15,18,2,3,20,22,0,1,0,8,2,5,2,2,4,6,0,0,0,0,6,8,5,3,2,0,0,0,4,4,0,0,0,0,9,2,0,0,0,0,2,2,0,0,0,0,0,0,0,0,3,4,0,0,0,0,0,0,0,0,5,4,0,0,0,0,0,0,0,0
167,2022-04-22 19:05:02.714955,6,16,2,7,4,6,0,0,0,3,2,19,2,28,3,34,5,25,2,8,1,5,2,4,4,13,0,10,0,17,0,24,3,3,0,2,0,15,5,8,0,0,0,2,0,0,0,2,0,5,0,0,0,0,0,0,0,14,0,6,0,15,0,8,0,2,2,6,0,4,0,4,0,0,0,0,0,2,0,0,0,0,0,0,0,0,2,6,0,0,0,0,0,0,0,0
168,2022-04-22 19:12:08.816123,6,16,2,9,4,9,0,6,0,3,2,21,2,26,3,42,6,26,2,10,1,8,2,4,2,11,0,12,0,21,2,26,3,11,0,4,0,15,7,10,0,2,0,2,0,0,0,2,0,7,0,0,0,0,0,0,0,14,4,10,0,15,0,8,0,2,4,8,0,4,0,6,0,2,0,0,0,2,0,0,0,0,0,0,0,0,2,6,0,2,0,0,0,0,0,0
169,2022-04-22 19:21:16.809306,4,18,2,9,4,9,0,12,0,3,2,29,2,28,5,46,7,28,2,12,3,10,2,4,2,14,2,15,0,20,6,31,3,11,0,4,0,15,7,10,0,2,0,2,0,0,0,2,0,9,0,0,0,0,0,0,2,14,4,10,0,19,0,12,0,2,4,10,0,8,0,9,0,2,0,0,0,2,0,0,0,1,0,0,0,4,5,6,2,2,0,0,0,0,0,0
170,2022-04-22 19:36:20.657522,4,21,2,11,5,19,0,20,0,5,2,32,2,36,14,55,7,30,9,14,5,14,4,4,2,17,2,23,2,22,11,36,3,18,0,6,0,26,7,11,0,2,0,3,0,0,0,2,0,18,0,0,0,0,0,0,2,14,8,12,0,23,0,14,0,2,6,14,0,8,0,11,0,2,2,0,2,2,0,0,0,1,0,3,0,4,9,10,2,2,0,2,0,0,0,0
171,2022-04-22 19:41:43.332525,4,28,2,11,2,17,0,24,0,5,5,34,2,38,16,57,8,30,9,14,10,14,4,4,4,17,2,26,2,26,14,38,3,18,0,6,0,29,9,11,0,4,2,4,0,2,0,2,0,18,0,0,0,0,0,0,4,14,8,10,0,25,0,14,0,2,6,16,0,12,0,11,0,2,2,0,2,0,0,2,0,1,0,3,0,4,9,10,2,2,0,2,0,0,0,0
172,2022-04-22 19:51:54.305577,2,30,2,11,2,20,0,32,2,5,7,34,2,42,18,58,14,37,9,18,12,18,4,9,4,15,2,32,4,28,18,44,3,18,0,6,0,30,9,14,0,8,2,4,0,4,0,4,0,15,0,0,0,3,0,0,4,16,10,10,4,32,2,20,0,2,11,18,0,16,2,11,0,2,2,0,2,0,0,4,0,1,0,3,0,4,11,10,5,2,0,2,0,0,0,0
173,2022-04-22 20:02:22.013812,4,34,4,9,4,29,0,39,2,6,9,31,0,42,23,56,16,42,10,27,14,25,4,9,4,16,2,34,4,28,22,48,3,18,0,6,7,29,9,16,0,9,3,4,0,4,0,6,0,13,0,0,0,3,0,0,4,19,14,10,4,34,2,20,0,2,9,26,2,16,2,11,0,2,2,0,2,0,0,4,0,1,2,3,0,8,11,10,5,2,0,2,0,0,0,0
174,2022-04-22 20:16:13.673462,4,36,8,13,4,29,2,39,4,8,11,33,0,42,25,60,21,44,10,31,16,26,7,11,6,13,4,42,2,26,26,58,5,25,0,6,11,32,12,20,0,11,3,5,2,4,0,4,3,11,0,0,2,9,2,0,4,19,18,14,8,38,8,20,0,2,15,30,4,22,4,11,8,2,2,0,2,2,2,4,0,1,2,4,4,12,11,10,0,0,3,2,0,0,0,0
175,2022-04-22 20:21:58.844666,4,36,8,15,6,37,2,40,4,8,13,37,0,45,27,66,20,46,13,31,17,27,7,11,6,18,6,46,2,26,26,58,10,25,0,5,15,34,12,20,0,11,3,6,2,6,0,8,3,11,0,0,2,10,2,0,8,15,20,18,8,38,8,18,0,2,19,30,8,22,4,9,8,2,2,0,4,2,2,4,0,1,2,4,4,14,8,6,0,0,3,2,0,0,0,0
176,2022-04-22 20:31:47.966250,4,38,8,17,10,42,2,41,7,10,14,37,0,49,21,66,19,49,16,30,23,27,10,11,9,20,10,50,2,26,31,66,14,30,0,5,15,40,12,18,0,11,3,5,2,6,0,12,3,15,0,0,4,10,2,0,12,24,18,24,8,42,8,18,0,4,22,35,12,22,4,9,8,4,0,0,4,4,2,4,0,1,2,4,6,14,8,8,0,0,3,2,0,0,0,0
177,2022-04-22 20:41:30.504283,4,40,6,22,12,40,4,47,5,12,26,39,7,55,26,69,18,53,16,32,25,26,10,13,9,24,14,49,4,33,36,72,14,32,2,5,17,41,12,22,3,13,3,5,3,6,2,10,3,15,0,4,4,10,2,0,12,26,18,22,10,42,14,20,0,2,34,37,12,26,4,9,8,4,0,0,4,6,2,4,0,1,2,4,8,14,10,10,0,2,3,6,0,0,0,0
178,2022-04-22 20:51:14.328348,4,47,6,24,15,44,4,47,5,12,25,40,11,55,26,69,21,54,20,32,21,33,10,13,7,30,18,47,9,33,38,80,14,34,2,4,17,39,14,24,3,11,4,5,3,8,4,12,3,15,0,6,4,10,2,0,12,32,18,26,12,46,12,20,0,2,38,37,16,30,7,9,10,4,0,0,6,8,2,6,0,3,4,4,14,16,10,15,6,4,0,6,0,0,0,0
179,2022-04-22 21:09:54.255043,5,51,11,28,31,52,8,49,5,17,25,40,13,62,32,83,19,58,25,36,24,38,14,13,15,31,21,57,16,37,32,85,15,46,2,4,19,39,12,28,7,15,2,5,5,9,4,14,0,21,6,11,6,12,0,0,10,34,14,26,19,35,15,20,2,2,35,33,24,33,11,13,10,6,0,0,12,8,2,8,2,2,8,4,14,16,6,15,6,6,5,6,6,0,2,0
180,2022-04-22 21:11:56.152310,5,51,13,30,33,52,11,49,5,17,25,38,15,64,32,83,17,59,25,36,27,38,14,12,15,31,21,57,16,37,32,87,15,48,2,4,19,42,12,30,7,15,2,7,5,9,4,14,5,19,6,11,6,12,0,0,10,34,12,26,21,35,15,18,4,2,37,33,22,33,11,13,10,6,0,0,12,10,2,8,2,2,8,4,12,16,6,15,6,6,7,6,6,0,2,0
181,2022-04-22 21:22:03.031459,7,50,15,34,39,58,13,48,5,17,33,38,19,75,34,91,21,51,27,33,35,48,20,16,19,31,22,60,18,38,30,105,19,51,2,4,21,47,21,31,11,18,2,7,5,9,7,14,7,25,6,12,4,10,2,0,13,29,14,28,21,41,16,20,4,2,39,37,27,33,9,11,12,4,0,0,14,10,4,8,2,2,8,4,12,18,6,19,6,8,7,6,6,2,2,0
182,2022-04-22 21:30:53.055209,9,49,17,34,49,59,15,48,5,17,33,42,19,81,40,98,22,53,30,34,40,50,19,16,27,27,32,66,22,42,34,117,23,55,2,4,21,44,25,37,11,18,3,10,7,9,11,16,10,23,9,12,10,10,2,0,18,31,12,26,22,40,18,20,4,2,40,35,31,35,11,11,12,4,0,0,16,12,10,8,2,2,8,4,14,18,9,21,9,8,7,6,6,2,2,0
183,2022-04-22 21:41:16.051036,11,56,19,36,53,57,19,48,7,17,35,44,27,81,44,99,25,60,35,34,43,52,19,18,27,25,38,59,32,44,38,124,30,56,2,4,26,43,34,38,19,18,3,9,6,7,15,18,19,26,11,12,12,10,2,0,21,29,12,26,35,40,25,25,2,4,37,36,31,39,11,11,14,8,0,0,18,12,12,8,2,2,11,4,17,18,7,21,11,12,7,6,6,2,2,0
184,2022-04-22 21:51:43.087220,11,58,28,36,55,62,23,50,7,19,39,44,32,80,53,97,21,60,38,34,44,59,21,20,35,34,39,48,39,48,41,128,36,58,2,6,26,45,43,40,23,19,7,9,4,5,24,22,25,33,16,16,10,13,2,0,27,31,14,30,33,44,27,27,4,4,36,34,35,39,15,11,16,8,0,0,23,20,12,6,2,2,15,4,19,18,7,21,13,10,4,4,8,4,2,0
185,2022-04-22 22:09:16.023211,8,45,30,42,60,66,20,46,9,16,44,44,52,84,67,104,26,57,44,34,58,65,30,14,39,37,44,44,41,51,66,128,44,66,5,8,32,48,49,42,33,26,5,10,4,7,31,29,19,37,8,18,10,13,2,0,30,37,16,32,35,44,29,29,4,4,41,33,38,36,21,11,18,10,0,0,23,16,8,6,2,2,16,4,16,20,10,16,11,10,4,4,8,10,2,0
186,2022-04-22 22:12:05.839531,8,45,32,40,60,64,20,42,10,16,43,46,56,84,67,106,28,55,44,34,62,65,28,12,39,37,47,44,41,49,66,130,42,70,5,8,34,47,49,45,36,28,5,11,4,7,35,29,18,39,8,18,10,13,2,0,33,33,16,32,35,46,29,29,4,4,41,31,38,36,21,11,18,10,0,0,23,16,8,6,4,2,16,4,19,20,10,14,11,10,4,4,8,10,2,0
187,2022-04-22 22:22:07.080725,17,50,38,42,60,66,23,46,15,16,47,50,53,89,76,112,30,55,46,32,67,61,26,12,38,36,47,45,40,45,72,127,45,72,5,8,36,47,45,57,34,29,5,9,4,10,31,29,18,46,8,12,10,13,2,0,38,39,18,30,43,44,29,33,9,4,37,33,38,34,23,15,18,10,0,0,22,14,10,6,4,2,10,2,17,16,10,16,15,12,7,4,10,12,2,0
188,2022-04-22 22:31:55.574141,17,52,38,42,65,61,25,52,14,14,49,54,58,88,75,107,30,53,41,30,72,59,24,10,33,45,45,45,42,41,75,126,41,63,7,8,35,51,47,58,37,33,5,9,2,10,37,27,25,47,19,12,14,9,2,0,44,41,20,28,47,42,29,33,7,4,37,36,33,32,24,15,18,10,0,0,22,14,8,6,4,2,9,2,22,16,14,20,21,12,5,4,10,12,2,0
189,2022-04-22 22:41:42.717697,19,48,39,44,67,59,33,48,14,16,46,48,65,98,82,107,34,55,34,33,76,65,23,14,35,49,45,44,52,39,91,131,43,64,7,12,39,50,65,61,35,34,7,10,6,5,38,33,26,44,19,12,14,9,2,2,42,40,26,30,45,38,25,33,9,4,36,36,33,32,25,15,16,12,0,0,20,14,8,8,4,2,9,2,22,14,12,20,18,12,5,4,12,14,2,0
190,2022-04-22 22:50:59.350593,20,49,41,56,61,61,33,46,12,16,49,50,81,101,90,104,39,59,29,26,85,60,28,14,38,55,45,39,47,37,90,132,49,68,5,15,39,57,68,64,43,37,5,9,6,5,38,33,33,49,22,14,14,10,2,2,41,40,26,30,48,40,28,31,9,4,31,31,29,30,20,15,14,10,1,0,22,14,6,6,4,2,9,2,20,12,12,20,14,10,5,4,12,14,0,0
191,2022-04-22 23:04:51.817232,26,43,36,60,67,63,32,42,15,14,45,48,75,105,83,106,44,57,30,24,89,60,32,20,38,55,48,49,49,39,109,137,56,71,5,15,30,52,67,68,45,35,4,8,2,5,42,36,29,49,22,14,15,10,4,2,44,38,24,24,46,45,28,29,7,2,37,29,25,30,18,15,10,10,1,0,24,15,9,6,5,2,9,2,21,12,14,16,12,7,0,0,9,12,0,0
192,2022-04-22 23:11:25.243101,25,43,34,58,60,59,34,42,15,16,43,44,81,103,78,101,45,59,30,24,90,65,30,20,42,55,48,46,46,37,109,144,65,65,3,19,30,52,65,66,39,31,4,8,0,5,51,36,34,47,22,14,13,9,4,4,42,42,20,24,44,41,26,29,5,2,40,29,25,28,18,15,8,10,1,0,22,17,9,6,7,2,11,2,21,12,14,18,10,7,0,0,9,12,0,0
193,2022-04-22 23:21:28.360953,30,38,42,55,65,57,36,48,16,16,39,44,82,100,86,100,47,55,32,24,81,61,32,20,44,53,43,44,42,34,111,144,68,67,5,17,31,52,70,59,38,35,6,10,4,3,52,36,32,48,16,12,15,9,4,6,40,40,18,20,38,39,26,29,8,4,37,25,27,24,15,10,10,10,1,0,29,17,7,6,7,2,7,2,21,8,14,14,8,4,0,0,9,8,2,2
194,2022-04-22 23:31:40.125265,24,42,48,56,54,52,41,50,16,12,39,38,87,89,89,96,40,46,32,22,74,53,34,20,45,49,48,48,44,37,117,124,69,62,9,17,32,58,66,53,46,31,8,10,4,3,52,34,43,52,20,8,13,9,4,8,32,33,18,14,34,37,30,29,5,6,29,21,23,24,12,8,8,9,1,0,27,19,7,6,7,2,7,5,12,8,16,12,6,2,0,0,7,6,2,2
195,2022-04-22 23:41:34.191296,27,39,50,58,51,51,46,56,16,12,44,36,87,83,93,95,36,42,29,14,68,48,30,21,44,46,55,52,38,37,113,109,64,58,9,19,33,45,63,57,43,27,15,8,0,0,49,34,48,58,18,8,18,11,8,8,25,31,16,12,35,37,23,21,3,6,35,21,22,16,12,8,9,7,0,0,27,19,5,4,7,2,4,5,15,6,18,10,6,2,0,0,7,8,8,4
196,2022-04-22 23:51:39.811989,29,31,55,56,50,33,42,50,15,12,48,32,87,76,93,98,38,34,22,14,58,39,31,21,43,40,55,48,38,42,110,101,61,51,15,23,36,36,61,51,43,22,11,10,0,0,47,41,47,54,17,8,18,11,10,8,28,27,14,8,32,33,19,19,3,6,33,19,15,10,10,6,11,7,0,0,27,19,2,2,7,2,4,5,15,6,18,8,6,2,0,0,14,8,8,4
197,2022-04-23 00:02:24.624446,26,30,49,56,48,29,42,42,15,12,44,27,81,66,88,87,38,26,18,13,48,33,31,21,34,29,62,54,39,40,104,93,57,44,15,21,33,41,56,39,42,20,17,10,0,0,47,41,41,50,14,8,20,14,14,8,26,23,14,6,19,27,11,11,3,4,34,16,7,6,10,6,11,5,0,0,23,20,2,2,5,2,4,5,13,4,19,4,4,2,0,0,15,8,13,4
198,2022-04-23 00:11:21.817963,30,32,49,58,44,31,38,45,12,14,42,31,77,71,92,89,33,21,17,9,49,35,31,21,39,29,65,53,43,38,103,99,55,40,14,19,35,43,60,43,41,22,17,10,0,0,49,44,39,49,14,6,20,14,14,8,22,18,12,4,21,24,11,9,5,0,32,10,7,4,10,6,11,3,0,0,23,18,0,0,5,2,4,7,8,7,21,4,2,0,0,0,13,8,13,7
199,2022-04-23 00:22:13.760103,29,35,54,66,42,26,40,43,12,14,45,31,71,73,97,91,21,22,11,12,48,30,36,27,31,29,63,47,37,36,108,106,47,36,14,19,35,51,58,41,37,20,15,10,0,0,46,44,44,48,10,6,18,13,14,7,23,16,12,6,21,26,9,9,2,2,29,10,7,6,10,6,11,3,0,0,25,16,0,0,5,2,4,7,8,10,15,4,2,0,0,0,11,6,13,7
200,2022-04-23 00:31:57.480573,36,35,51,63,44,22,46,43,12,14,45,33,76,82,102,94,22,23,10,10,41,26,36,27,32,30,61,49,39,39,115,111,47,36,12,21,37,53,62,39,33,20,15,10,0,3,42,44,43,57,10,2,14,9,12,9,23,14,12,4,24,22,7,9,2,2,24,8,7,4,10,6,11,4,0,0,25,16,0,0,5,2,2,7,11,10,17,4,2,0,0,0,7,4,15,7
201,2022-04-23 00:41:59.611161,36,31,56,61,36,23,52,36,12,14,45,33,73,78,108,103,22,23,8,8,39,21,40,28,29,28,52,49,35,35,112,116,37,32,14,17,44,49,56,41,31,22,8,12,0,3,48,46,46,51,10,2,19,9,10,9,19,14,12,4,24,20,9,9,2,2,17,8,4,2,10,6,11,4,0,0,24,16,0,0,4,0,2,5,6,8,8,4,2,0,0,0,4,4,10,7
202,2022-04-23 00:51:31.370475,34,29,50,58,41,21,45,36,12,10,39,28,77,83,118,108,20,21,6,8,39,24,39,24,28,26,48,51,31,35,114,109,26,34,16,17,50,57,54,39,31,22,10,9,2,3,45,45,47,47,6,3,19,9,10,9,16,14,8,4,24,18,9,9,2,4,8,4,0,2,8,6,9,4,0,0,26,16,0,0,2,0,5,5,6,8,9,4,0,0,0,0,6,4,10,5
203,2022-04-23 01:09:27.049246,24,23,46,50,38,23,38,36,10,10,37,23,80,82,116,100,19,21,7,6,36,24,34,27,16,18,58,50,31,29,122,111,21,30,8,6,54,57,51,47,25,18,10,9,2,0,51,38,45,37,4,3,11,5,8,9,14,14,6,4,27,18,4,5,2,4,4,4,2,2,6,4,5,3,0,0,21,13,0,0,2,0,3,5,3,8,7,4,0,0,0,0,6,4,2,5
204,2022-04-23 01:12:06.802048,24,23,44,50,36,23,34,36,10,10,37,25,83,82,118,100,19,21,5,6,36,24,37,29,12,20,55,50,29,29,118,109,21,22,8,6,56,57,51,45,25,18,9,9,2,0,51,38,44,37,4,3,9,5,8,9,14,14,6,4,24,18,4,5,2,4,6,4,2,2,6,4,5,3,0,0,21,11,0,0,2,0,3,5,3,8,7,4,0,0,0,0,6,4,2,5
205,2022-04-23 01:21:50.491142,24,23,53,46,38,23,27,28,12,14,36,25,77,79,121,96,15,18,5,6,36,22,33,26,8,20,64,51,27,23,113,104,23,20,8,8,51,50,49,44,25,18,10,9,2,0,41,34,42,32,2,3,10,7,4,11,14,16,4,2,24,16,2,2,2,2,9,4,0,0,4,2,2,1,0,0,16,11,0,0,2,0,8,5,6,5,10,4,0,0,0,0,5,4,0,0
206,2022-04-23 01:32:03.824175,18,21,51,43,38,25,25,24,14,14,36,23,70,74,114,93,12,14,5,5,35,22,30,26,11,17,62,49,29,23,104,104,23,22,8,10,49,43,47,40,21,14,8,9,2,0,38,29,31,27,0,3,13,5,6,9,16,14,4,2,28,16,0,0,2,2,7,2,0,0,4,2,2,1,0,0,10,8,0,0,0,0,8,5,6,5,10,4,2,0,0,0,5,4,0,0
207,2022-04-23 01:41:37.951871,16,20,51,41,37,25,25,24,12,12,36,23,61,74,108,89,9,12,5,5,37,22,31,22,15,22,59,52,24,24,102,106,21,20,8,8,43,41,43,37,17,14,2,9,2,0,35,27,27,29,0,0,13,5,15,9,16,14,4,0,27,16,0,0,2,2,5,0,0,0,2,2,0,0,0,0,9,6,0,0,0,0,3,3,3,5,8,4,2,0,0,0,5,4,0,0
208,2022-04-23 01:51:57.408041,12,18,43,39,39,25,21,20,12,12,42,21,62,73,100,83,7,11,4,5,35,20,31,20,21,16,57,47,24,24,97,103,22,25,4,10,36,40,30,31,21,18,2,12,0,0,31,23,26,33,0,0,13,5,16,9,17,12,2,0,26,14,0,0,4,4,2,0,0,0,2,2,0,0,0,0,11,6,0,0,0,0,3,3,0,0,10,4,2,0,0,0,0,2,0,0
209,2022-04-23 02:09:15.169217,19,16,38,44,41,27,20,18,14,14,43,23,66,66,103,84,10,11,0,4,33,18,32,18,19,16,43,48,24,19,89,99,22,21,4,10,37,37,29,28,22,19,4,10,0,0,27,25,24,25,0,0,4,5,16,11,13,8,0,0,18,10,0,0,4,4,0,0,0,0,2,2,0,0,0,0,11,6,0,0,0,0,3,3,0,0,6,2,0,0,0,0,0,2,0,0
210,2022-04-23 02:11:44.755978,19,16,38,46,41,27,18,18,12,12,45,23,64,64,103,86,8,11,0,4,31,18,32,18,17,16,40,48,21,19,89,103,22,23,4,10,37,37,25,28,22,17,4,10,0,0,28,24,24,23,0,0,4,5,16,11,9,6,0,0,18,10,0,0,4,4,0,0,0,0,2,2,0,0,0,0,9,6,0,0,0,0,3,3,0,0,6,2,0,0,0,0,0,2,0,0
211,2022-04-23 02:21:05.183443,19,12,36,41,39,27,16,21,10,14,42,22,63,58,97,80,11,8,0,4,29,18,26,16,15,12,41,40,17,15,88,96,22,21,6,10,31,36,23,26,21,15,4,10,0,0,28,26,26,21,0,0,4,7,13,11,9,8,0,0,14,8,0,0,4,4,0,0,0,0,2,2,0,0,0,0,7,6,0,0,0,0,3,3,0,0,6,2,0,0,0,0,0,2,0,0
212,2022-04-23 02:31:52.726863,17,12,41,38,41,25,18,18,8,12,39,23,56,56,86,79,11,8,0,4,27,15,21,19,15,12,43,36,13,15,85,89,16,17,4,10,28,34,20,20,19,15,4,12,0,0,29,26,20,19,0,0,4,7,9,6,11,8,0,0,11,6,0,0,4,2,0,0,0,0,0,2,0,0,0,0,10,6,0,0,0,0,3,3,0,0,6,2,0,0,0,0,0,2,0,0
213,2022-04-23 02:41:13.515203,17,12,39,36,35,23,12,18,8,10,33,19,52,58,81,75,7,8,0,3,17,11,21,15,13,12,39,35,13,17,76,95,16,19,4,8,31,36,20,23,22,17,4,12,0,0,27,35,15,17,0,0,4,7,11,6,11,10,0,0,11,6,0,0,2,2,0,0,0,0,0,2,0,0,0,0,10,4,0,0,0,0,3,3,0,0,6,2,0,0,0,0,2,2,0,0
214,2022-04-23 02:51:53.505812,8,12,39,36,23,19,10,16,7,10,30,16,50,60,77,65,4,8,0,3,12,9,13,11,11,12,41,33,11,13,77,88,12,16,4,8,27,34,20,23,20,19,4,12,0,0,29,33,11,18,0,0,8,7,11,6,11,8,0,0,9,6,0,0,0,0,0,0,0,0,0,2,0,0,0,0,10,4,0,0,0,0,3,3,0,0,6,2,0,0,0,0,2,2,0,0
215,2022-04-23 19:04:50.036373,0,16,0,16,10,21,0,6,2,4,6,16,20,52,11,50,25,38,8,11,10,21,6,4,11,30,3,23,11,13,19,46,4,17,0,6,11,46,15,27,0,0,0,12,0,0,2,2,4,11,0,4,6,0,0,0,14,27,10,16,9,24,6,15,6,6,10,23,6,14,3,10,0,6,2,6,8,27,0,0,2,4,0,2,11,17,9,14,8,10,0,9,2,6,0,0
216,2022-04-23 19:10:53.022014,0,16,0,18,12,23,0,4,2,4,8,16,18,56,14,56,24,43,2,11,10,25,6,4,11,26,5,31,13,13,21,48,6,17,0,6,13,48,15,32,0,0,0,12,0,0,2,2,10,13,0,4,6,2,0,0,9,29,12,20,11,27,8,17,8,6,13,21,6,18,3,10,2,6,2,6,14,27,0,0,2,4,0,2,11,19,12,16,11,10,2,11,2,6,0,0
217,2022-04-23 19:21:37.913669,0,19,3,18,14,29,0,8,2,4,9,23,22,65,14,62,24,53,2,13,12,27,6,4,11,28,7,33,13,14,22,50,6,24,0,6,11,51,15,32,0,0,0,14,0,0,2,5,6,12,0,4,6,2,0,0,6,25,12,22,11,35,10,14,6,4,16,23,8,21,5,10,2,6,2,8,18,29,0,2,2,7,0,6,9,21,16,18,16,10,6,14,2,6,0,0
218,2022-04-23 19:31:36.910554,0,19,3,22,20,29,0,10,2,2,11,27,32,78,14,59,22,54,4,13,12,27,6,5,13,36,9,40,11,14,22,56,6,26,0,11,13,53,15,34,0,0,3,16,0,0,0,5,7,12,0,4,8,2,0,0,6,24,14,22,19,40,10,14,8,4,20,23,16,21,8,10,2,6,0,6,22,34,2,2,2,7,0,6,11,21,18,20,12,14,8,14,2,6,0,0
219,2022-04-23 19:40:54.433193,0,21,3,26,22,31,0,13,2,2,13,29,38,80,14,74,24,61,4,17,16,28,4,10,13,38,16,51,13,12,22,66,6,31,0,11,15,55,19,34,0,0,3,17,0,2,0,5,9,15,0,6,8,2,0,0,6,32,14,24,19,40,14,16,8,4,20,25,19,27,12,12,4,10,2,6,22,38,2,2,4,7,0,6,11,21,20,18,15,14,8,14,2,8,0,0
220,2022-04-23 19:51:06.608755,0,21,3,29,30,33,2,19,0,2,16,30,41,91,15,84,28,61,6,17,20,32,7,12,13,44,14,51,15,12,22,77,6,36,2,11,14,59,19,39,0,0,5,20,0,2,2,14,13,20,2,6,8,2,0,0,12,32,12,24,19,42,14,20,6,4,22,28,23,29,14,14,4,12,2,8,24,38,2,2,9,7,5,8,19,27,18,16,17,16,11,16,2,8,0,0
221,2022-04-23 20:01:48.488960,0,25,5,31,38,35,4,25,2,2,18,34,46,101,26,82,32,63,13,22,22,35,11,25,13,51,14,53,16,18,22,89,6,40,2,11,14,60,23,37,1,1,6,20,0,4,2,16,9,20,2,6,12,6,0,0,14,34,12,22,23,42,16,22,6,4,24,32,19,37,14,16,4,10,2,8,24,38,2,2,9,9,7,8,21,27,18,23,17,14,15,12,5,6,0,0
222,2022-04-23 20:10:57.217888,0,29,7,38,44,39,4,35,2,2,21,36,46,101,32,85,32,69,15,21,29,39,20,29,20,49,14,57,28,22,26,95,8,44,2,11,14,63,25,42,1,3,6,18,0,4,7,18,12,23,2,8,12,6,0,0,16,34,14,26,23,40,20,22,6,4,25,36,19,39,14,16,4,11,4,8,26,38,5,4,9,9,7,8,25,31,20,31,21,14,11,10,7,8,0,0
223,2022-04-23 20:21:11.125078,0,25,9,45,48,46,6,39,2,2,26,45,54,98,34,92,36,70,16,23,30,47,24,31,18,56,20,66,30,24,37,104,10,47,2,14,15,65,25,42,4,3,6,16,2,4,10,15,12,21,4,8,12,6,0,0,18,31,18,22,31,42,20,22,6,2,29,38,21,41,20,18,7,13,4,8,29,44,7,4,11,9,7,10,27,31,20,32,20,16,13,10,7,8,0,4
224,2022-04-23 20:31:09.944509,2,28,13,47,53,50,6,49,2,2,27,44,54,110,40,90,34,60,33,28,36,54,26,31,20,56,21,66,31,24,44,113,12,49,2,21,16,69,26,46,8,3,7,14,4,4,13,19,12,23,6,6,14,6,0,0,22,33,20,22,37,44,22,24,4,4,29,38,26,40,20,16,7,13,8,8,26,40,7,4,11,11,13,12,29,31,25,32,21,20,13,12,9,8,0,4
225,2022-04-23 20:41:07.961448,2,35,21,51,51,60,9,55,4,4,33,44,54,116,54,86,36,55,35,37,42,60,31,31,26,65,27,79,33,24,48,130,24,59,2,27,16,75,37,48,8,7,10,18,4,4,17,23,15,28,6,6,10,6,0,2,22,30,20,28,35,46,25,24,4,4,31,38,23,40,20,16,12,17,8,8,30,44,5,4,15,15,15,17,39,31,25,34,27,18,13,14,14,6,0,4
226,2022-04-23 20:51:16.375386,2,42,30,53,51,62,15,53,6,8,40,40,56,124,53,93,36,65,44,37,44,64,33,33,26,65,32,79,33,24,50,130,24,72,2,28,18,76,45,57,8,7,14,22,4,4,27,27,24,29,6,8,12,6,0,2,22,30,18,30,40,42,27,24,4,8,34,36,26,40,20,16,12,15,8,10,32,43,5,4,14,18,17,19,34,33,29,34,37,24,10,14,13,6,2,4
227,2022-04-23 21:09:08.964498,10,51,32,57,47,69,19,47,15,13,51,42,66,118,66,103,44,65,48,47,43,63,44,40,36,67,52,76,30,29,64,134,27,77,2,27,19,84,49,70,10,18,15,17,6,4,38,36,33,31,9,16,16,7,4,2,27,34,22,32,43,48,23,27,7,13,35,33,29,35,28,16,17,17,12,10,30,43,5,4,20,22,21,23,37,33,30,34,29,26,12,14,10,10,4,6
228,2022-04-23 21:10:52.412600,10,51,32,55,47,69,21,47,18,13,53,44,66,116,73,100,46,65,48,49,43,63,40,40,40,69,56,76,30,33,66,137,27,79,2,27,19,85,49,74,9,17,15,17,6,4,40,38,33,31,9,16,16,7,4,2,27,34,20,32,45,48,23,27,11,13,35,33,31,35,30,18,19,17,12,10,30,43,5,4,18,22,19,23,40,33,30,34,29,26,12,16,10,10,4,6
229,2022-04-23 21:22:06.351334,10,57,35,58,56,63,24,57,24,13,55,42,67,126,71,109,44,71,53,51,56,65,42,39,40,76,56,86,37,39,65,150,35,76,2,28,24,81,47,68,22,19,17,17,10,4,36,53,31,35,14,16,16,7,4,5,33,42,18,32,47,48,17,31,13,13,35,31,34,33,32,18,21,17,15,8,38,43,5,4,22,22,29,23,44,40,29,34,27,26,12,16,10,16,4,8
230,2022-04-23 21:30:51.365707,10,63,41,70,56,63,28,55,22,11,57,42,73,126,76,114,48,65,49,50,64,68,40,39,46,76,61,90,41,45,69,157,37,83,6,30,25,87,53,70,30,21,15,15,10,4,37,47,31,42,14,16,17,11,4,5,33,42,20,32,42,46,23,27,15,13,35,31,34,37,32,14,25,17,15,8,40,43,10,6,26,20,26,21,41,37,31,32,27,26,10,17,10,16,4,8
231,2022-04-23 21:41:25.623153,10,61,43,74,49,60,30,45,20,13,54,33,81,127,79,116,52,65,46,50,62,72,43,39,52,76,63,88,45,49,74,173,41,87,7,26,29,90,59,72,33,27,12,15,8,6,39,53,34,43,14,16,21,13,4,5,33,40,20,30,40,48,22,25,13,11,36,35,34,39,27,14,22,20,13,8,42,43,14,8,22,18,28,22,47,39,29,32,29,26,8,17,10,16,6,8
232,2022-04-23 21:51:17.513441,18,59,43,78,57,62,36,51,15,11,48,27,81,136,88,116,54,69,49,46,62,74,45,41,56,77,61,86,45,54,85,179,43,85,7,23,29,88,64,73,30,31,12,15,10,11,40,52,32,50,15,14,21,13,4,5,35,44,24,28,44,50,20,30,13,11,32,33,38,35,24,14,24,24,11,8,40,39,14,8,28,18,26,22,47,47,33,26,25,28,15,21,12,16,6,11
233,2022-04-23 22:01:46.724158,23,52,48,82,62,67,41,53,13,9,43,27,82,138,90,120,55,79,50,51,70,71,45,38,53,74,59,80,54,53,82,195,47,91,4,24,42,88,75,75,28,27,12,16,10,11,44,58,38,47,17,15,22,16,2,5,32,44,22,30,40,42,14,28,16,11,32,30,28,31,22,10,26,24,12,8,38,44,11,8,28,20,28,24,48,47,33,28,22,22,13,21,12,14,6,11
234,2022-04-23 22:11:48.597973,17,47,47,86,62,65,37,53,16,9,43,21,89,129,104,127,45,75,50,51,66,72,43,39,61,75,63,80,59,59,79,193,44,94,10,28,43,91,84,75,31,34,12,15,10,11,49,58,48,53,14,17,22,20,2,5,30,43,24,26,46,44,16,27,18,11,31,36,33,39,14,8,28,24,15,8,40,43,9,11,28,23,28,26,46,46,31,31,24,20,15,18,12,18,10,11
235,2022-04-23 22:21:03.490856,19,47,50,91,63,63,43,52,14,13,44,33,95,120,99,119,38,70,51,49,66,76,49,46,61,80,75,83,60,62,86,185,48,87,10,30,43,82,92,78,37,34,9,13,8,9,55,56,54,60,23,17,28,20,2,6,36,46,28,28,42,42,22,27,21,11,30,34,31,40,14,10,32,23,12,6,44,45,9,14,31,23,24,22,44,44,33,33,29,22,15,18,12,21,8,11
236,2022-04-23 22:31:08.200948,23,51,62,89,59,59,44,54,14,15,42,41,105,124,102,126,44,70,45,54,72,76,49,46,65,78,80,92,58,62,103,181,50,86,10,27,50,71,92,80,46,37,9,12,8,9,45,54,54,61,20,17,24,22,4,6,37,41,32,30,45,41,28,27,16,11,32,30,31,38,16,10,33,28,12,6,42,43,13,14,27,23,28,25,41,44,34,36,29,22,15,20,12,23,8,9
237,2022-04-23 22:41:19.118449,31,51,67,88,60,59,49,58,19,13,48,43,109,126,107,124,49,78,40,50,72,78,49,46,65,79,86,98,61,58,113,166,48,94,10,26,44,71,83,77,49,40,16,13,10,11,49,50,55,70,18,19,22,27,4,8,45,41,32,28,40,45,28,32,19,11,32,30,36,40,10,8,35,28,14,8,39,36,15,14,30,19,23,25,37,44,34,38,29,22,13,20,19,25,8,9
238,2022-04-23 22:50:41.682663,33,53,63,85,62,59,54,61,17,13,53,41,107,128,113,118,55,81,43,45,75,71,51,54,61,85,79,97,61,62,113,161,55,88,10,26,42,72,84,83,52,43,19,19,6,9,47,57,51,68,24,19,26,31,7,8,43,39,30,30,40,41,28,32,18,16,37,28,38,38,10,6,33,24,14,8,39,35,10,12,32,19,23,23,39,42,35,37,32,22,12,11,21,22,6,9
239,2022-04-23 23:02:00.843319,34,49,65,87,59,57,56,48,19,13,54,43,99,121,109,116,65,67,41,47,72,70,51,52,55,70,75,101,58,50,113,165,54,81,10,20,44,70,84,78,48,36,26,20,8,9,51,62,56,61,24,23,35,33,5,18,35,41,30,32,46,46,26,30,16,13,37,32,36,32,10,6,24,24,12,8,40,40,10,15,30,16,16,21,39,32,34,33,30,19,10,11,21,23,6,9
240,2022-04-23 23:11:46.677200,31,54,67,79,64,55,53,52,18,15,53,41,97,104,113,106,56,65,36,43,76,60,58,50,55,72,79,91,58,48,112,158,61,82,10,17,47,71,86,78,45,34,26,20,8,9,46,56,65,63,24,23,37,31,10,23,36,41,28,32,44,48,25,24,11,16,34,32,34,31,19,10,20,21,14,8,43,37,12,15,28,16,14,17,34,27,30,35,25,19,8,6,23,23,6,9
241,2022-04-23 23:20:52.135528,36,53,78,77,66,53,47,55,15,13,55,39,95,106,115,117,59,63,30,41,73,58,62,53,49,62,83,88,49,45,116,159,69,84,13,22,53,75,79,79,46,40,24,18,4,7,55,58,64,60,26,23,39,31,12,23,41,36,24,30,44,48,23,26,12,16,32,28,32,33,20,10,20,21,13,8,35,37,8,17,26,14,14,17,29,28,32,26,21,10,8,6,19,21,11,9
242,2022-04-23 23:30:53.944737,34,52,82,81,71,52,42,55,18,13,52,36,98,108,113,125,54,58,30,43,66,52,62,53,48,58,83,85,54,47,115,153,72,77,10,13,60,68,75,70,41,32,23,18,2,7,51,58,66,66,29,23,39,29,18,24,47,38,16,26,46,41,23,23,21,16,33,28,36,37,18,8,21,19,13,8,33,37,8,14,24,14,14,17,25,26,35,22,14,10,4,4,16,14,11,9
243,2022-04-23 23:41:17.113751,38,52,77,77,62,44,39,46,20,15,34,37,89,106,114,119,54,48,34,41,64,49,62,53,51,60,79,75,50,47,115,129,75,73,10,10,63,63,78,66,33,25,17,15,2,2,56,60,59,69,25,23,37,34,22,27,41,35,20,16,46,39,21,23,21,14,35,28,38,37,18,6,14,10,11,4,39,35,12,11,24,14,12,17,20,24,31,22,16,10,6,4,18,14,11,5
244,2022-04-23 23:50:48.462266,38,52,77,77,62,36,44,53,22,15,28,32,85,101,110,116,60,45,31,36,50,48,64,57,42,58,73,69,45,47,111,119,67,67,10,8,62,60,75,60,32,30,15,17,0,2,56,60,60,65,25,23,35,36,25,28,38,33,18,18,38,41,16,18,21,14,31,26,40,39,12,2,9,8,6,4,40,29,20,13,26,14,17,19,16,22,24,16,12,8,4,4,22,10,11,8
245,2022-04-24 00:04:55.481336,30,53,73,80,55,36,40,54,21,15,33,20,81,89,97,113,48,38,30,30,40,40,63,60,53,50,60,77,45,50,117,114,66,53,12,9,59,57,63,48,32,38,11,13,0,2,56,50,62,64,27,19,46,38,33,26,36,25,18,20,40,35,16,19,16,10,26,18,27,17,12,2,6,6,4,2,41,21,18,10,27,14,22,19,21,15,21,14,2,4,4,4,23,10,7,7
246,2022-04-24 00:11:01.916513,32,48,64,72,49,34,42,52,24,15,35,22,81,87,103,116,53,37,32,28,42,38,59,57,53,56,63,79,47,48,123,103,61,55,9,9,66,53,59,41,37,38,14,13,0,2,59,52,65,60,27,19,41,38,33,21,39,27,16,18,42,37,16,15,9,7,30,20,27,15,12,2,6,6,0,2,32,21,14,6,25,14,24,22,21,15,21,14,4,4,4,4,23,8,7,7
247,2022-04-24 00:20:50.638271,30,44,60,70,54,34,47,52,27,15,33,26,75,70,98,114,43,33,34,23,43,39,62,57,58,57,71,82,45,40,130,93,65,44,9,13,60,55,62,41,44,40,9,13,2,0,58,52,64,52,24,19,49,31,35,19,37,26,14,12,40,35,19,15,9,7,32,20,16,13,9,2,6,4,0,0,32,20,10,6,23,14,26,20,23,15,21,14,4,2,2,4,17,10,7,4
248,2022-04-24 00:30:43.853123,29,40,62,72,52,39,53,56,30,15,41,26,70,71,98,102,43,33,28,23,38,37,60,49,58,57,74,75,47,43,131,93,61,44,12,13,53,64,55,37,53,38,9,11,2,0,54,57,61,50,19,19,45,33,28,16,40,26,12,12,43,35,15,15,4,4,27,20,20,16,9,2,2,2,0,0,31,20,10,6,19,10,26,20,23,15,17,16,2,4,2,4,14,11,7,4
249,2022-04-24 00:40:50.473744,25,35,68,71,46,37,53,60,31,15,41,28,84,78,107,107,39,33,24,20,36,32,55,45,56,55,73,78,43,45,124,93,50,39,12,19,56,58,42,35,56,38,8,8,2,2,58,55,60,50,19,17,41,28,27,16,37,28,16,10,38,35,15,15,2,4,25,20,25,14,9,2,2,2,0,0,35,21,10,6,19,10,19,20,17,13,23,16,4,4,0,0,14,9,9,4
250,2022-04-24 00:50:51.515752,28,37,63,72,51,37,59,70,27,15,44,25,90,81,106,105,41,34,24,25,38,30,52,47,56,50,64,68,38,36,111,87,45,40,7,19,62,58,46,35,52,42,5,8,2,2,57,51,55,49,17,15,39,24,20,19,37,32,16,10,42,36,11,11,2,2,25,18,25,12,9,2,2,2,0,2,32,23,10,6,20,10,19,20,15,13,22,16,4,4,0,0,8,5,6,2
251,2022-04-24 01:01:43.301194,27,37,58,65,47,37,59,62,27,15,46,23,89,82,110,101,39,36,25,25,36,28,55,47,50,57,68,56,42,36,104,86,43,44,13,20,52,62,45,30,54,44,4,7,2,2,54,54,55,46,13,15,30,18,23,19,38,34,12,10,43,37,13,15,2,2,23,16,15,9,9,2,2,2,2,2,32,23,8,4,20,12,12,13,11,9,24,13,4,4,0,0,6,5,6,2
252,2022-04-24 01:10:57.322819,24,35,54,63,47,35,60,55,22,15,43,24,89,86,113,95,37,36,24,25,36,34,51,47,47,50,64,50,45,36,93,86,43,42,16,16,53,55,35,28,49,47,4,6,2,2,47,51,50,48,9,15,28,18,19,19,35,31,14,10,45,37,16,15,2,2,21,16,15,9,9,2,2,5,2,2,28,20,8,4,13,6,10,13,13,9,22,13,6,4,0,0,2,2,6,2
253,2022-04-24 01:20:54.689801,20,33,53,63,43,33,62,55,20,15,41,24,88,87,105,96,40,29,22,24,34,30,54,49,46,46,55,53,37,36,81,93,41,41,16,18,55,53,34,19,45,47,4,6,2,2,58,56,50,50,9,11,24,18,17,15,37,34,10,8,47,37,16,15,2,2,17,14,10,9,9,2,2,5,0,2,29,18,0,0,15,6,2,9,8,7,25,15,6,4,0,0,0,0,4,2
254,2022-04-24 01:31:58.854572,13,28,57,61,47,29,59,58,16,15,39,24,90,91,109,90,38,29,24,25,32,32,54,52,40,36,57,55,37,39,90,86,37,34,11,20,51,47,34,19,39,38,4,7,2,2,46,51,37,40,12,8,20,16,17,18,33,30,8,8,46,37,16,15,2,2,19,16,8,9,9,2,2,3,0,2,25,14,0,0,13,4,2,6,8,9,23,15,6,4,0,0,0,0,0,2
255,2022-04-24 01:40:52.924518,14,26,60,60,40,27,55,53,13,15,43,24,91,92,101,86,37,27,21,28,29,27,49,47,35,39,68,59,34,37,83,69,34,38,14,22,46,52,23,19,35,39,4,7,2,2,55,50,42,33,12,6,18,16,19,18,34,30,8,6,44,37,14,13,2,2,19,14,4,5,9,2,2,3,2,2,21,14,0,0,11,4,2,0,6,9,23,13,6,4,0,0,0,0,0,2
256,2022-04-24 01:50:42.283339,16,18,62,58,40,27,57,55,13,10,38,22,88,88,101,82,35,27,22,25,33,29,44,50,40,35,65,58,39,33,67,66,39,33,18,25,43,50,23,19,31,38,4,10,2,2,58,50,34,36,8,7,20,14,14,18,32,30,6,6,44,39,12,13,2,2,17,12,3,2,9,2,2,3,4,2,16,14,0,0,8,4,2,0,6,9,19,11,9,4,0,0,0,0,0,2
257,2022-04-24 02:02:05.822847,15,15,56,53,36,30,52,50,16,8,35,22,84,80,101,84,30,25,18,25,35,31,48,43,39,32,64,58,40,33,69,65,44,35,15,21,37,54,23,13,25,40,4,10,2,3,60,57,34,35,8,7,20,14,10,20,29,26,6,6,44,39,10,11,2,2,18,10,3,2,9,2,2,3,4,2,11,10,0,0,8,4,0,0,6,9,19,11,7,0,0,0,0,0,0,2
258,2022-04-24 02:11:00.028233,13,13,49,48,32,30,53,46,12,8,35,20,79,78,99,81,25,17,17,19,33,25,45,46,33,30,61,51,36,31,62,63,44,36,11,26,37,50,19,11,23,38,4,10,2,3,60,55,35,37,12,7,20,14,6,15,29,30,0,2,44,35,7,7,2,2,16,10,0,0,9,2,2,3,4,2,13,10,0,0,6,2,0,0,6,9,15,8,7,0,0,0,0,0,0,2
259,2022-04-24 02:21:20.298420,13,13,40,48,30,30,58,51,12,6,28,21,74,71,89,84,20,17,12,14,31,24,43,47,35,30,54,48,32,31,62,61,39,33,13,20,35,44,17,13,29,35,4,10,4,5,47,50,37,37,12,7,19,14,4,15,30,27,0,2,45,32,4,5,2,2,14,8,0,0,9,2,2,4,4,2,13,10,0,0,0,0,0,0,6,9,16,8,4,0,0,0,0,0,0,2
260,2022-04-24 02:30:54.698730,11,13,34,42,32,30,56,52,12,6,36,19,68,64,82,84,16,13,14,14,27,22,41,40,35,27,56,46,31,29,59,59,32,33,14,18,36,37,16,10,36,34,4,10,4,5,41,46,32,32,15,7,19,14,8,15,30,28,0,2,42,30,4,5,2,2,14,8,0,0,2,2,4,4,2,2,11,8,0,0,0,0,0,0,6,4,14,8,6,0,0,0,0,0,0,0
261,2022-04-24 02:41:01.437351,9,18,34,45,32,30,53,48,7,4,32,17,67,62,78,87,16,11,12,13,31,20,36,34,25,23,39,41,21,25,52,56,27,33,17,18,40,40,19,12,36,36,4,10,2,5,52,44,33,30,13,5,15,14,8,15,32,26,0,0,43,30,4,5,2,2,14,8,0,0,2,2,2,6,2,2,8,8,0,0,0,0,0,0,7,4,14,6,2,0,0,0,0,0,0,0
262,2022-04-24 02:50:56.776961,7,20,28,43,37,30,49,43,0,0,34,15,66,55,80,80,12,16,10,11,29,20,36,34,25,19,43,36,23,24,48,54,29,30,17,17,38,36,17,17,31,35,4,11,4,5,51,31,34,22,8,3,18,12,13,15,31,24,0,0,48,37,4,5,2,2,7,6,0,0,2,2,2,6,4,2,8,8,0,0,0,0,0,0,5,2,8,6,2,0,0,0,0,0,0,0
263,2022-04-24 19:11:57.256266,0,6,0,0,10,12,0,3,0,0,11,12,13,40,14,51,13,27,5,11,3,10,3,1,8,11,0,2,2,7,17,30,7,21,0,5,6,23,4,9,0,3,0,10,0,2,2,4,0,6,0,0,0,2,0,0,7,20,2,24,4,32,5,4,3,5,17,20,3,4,2,6,0,4,5,6,0,8,0,0,0,6,0,0,2,7,2,16,0,11,0,2,2,10,0,0
264,2022-04-24 19:22:02.696456,0,6,0,2,8,12,0,9,0,0,12,17,13,47,23,53,13,22,5,12,2,10,3,1,8,15,0,2,2,7,17,39,7,23,0,5,6,23,4,11,0,3,0,10,0,2,2,4,2,6,0,0,0,2,0,0,7,18,2,22,4,30,5,6,3,7,17,28,3,4,2,6,0,4,5,6,0,8,0,0,0,6,0,0,2,7,2,15,0,11,0,2,2,8,0,0
265,2022-04-24 19:36:18.709749,0,8,0,4,8,14,0,12,0,0,11,25,19,43,29,57,13,23,5,12,2,15,4,1,8,15,0,2,6,7,25,45,9,23,0,5,6,32,6,15,0,3,0,10,0,2,2,4,6,6,0,0,0,4,0,0,7,16,2,24,6,30,5,8,7,7,21,28,3,6,2,6,0,4,5,6,7,14,0,2,0,8,0,0,2,8,2,15,0,11,0,2,1,8,0,0
266,2022-04-24 19:41:48.277417,0,6,0,5,8,21,2,12,0,0,15,24,19,48,29,60,13,25,5,12,2,17,4,1,10,15,0,2,6,7,23,49,9,26,0,7,6,33,6,15,0,3,0,10,0,2,2,4,6,6,0,0,3,4,0,0,9,16,2,22,6,30,7,8,7,7,21,32,3,6,2,6,0,4,5,6,9,12,0,2,0,8,0,0,4,8,2,17,0,11,0,2,1,8,0,0
267,2022-04-24 19:51:54.297196,0,10,0,7,10,24,2,18,0,0,14,26,17,52,29,61,13,30,5,15,2,17,4,1,12,26,0,2,6,7,23,47,7,23,0,8,4,35,8,15,0,3,0,10,0,2,2,2,4,7,0,0,3,4,0,0,9,14,2,20,6,30,7,8,9,7,23,36,3,6,2,6,0,4,5,6,13,12,0,2,0,9,0,2,7,8,4,17,0,11,0,2,1,10,0,0
268,2022-04-24 20:11:10.487336,2,12,2,9,13,37,2,20,2,2,13,27,19,56,25,56,16,38,7,15,10,18,4,4,12,32,2,6,4,9,23,54,5,17,2,10,4,37,12,17,0,5,0,10,3,2,2,4,4,12,0,5,8,6,0,2,11,22,8,22,6,31,6,10,2,4,21,30,6,10,4,6,2,6,7,8,11,14,0,2,0,12,0,2,11,12,10,19,0,9,0,2,1,10,0,0
269,2022-04-24 20:21:13.637080,2,14,4,11,13,38,4,22,2,2,13,30,17,59,35,56,14,33,9,15,16,19,4,6,15,34,2,12,4,14,27,60,8,17,2,10,6,43,12,24,4,15,0,12,3,2,2,6,4,14,0,5,8,6,0,2,15,26,8,22,6,33,4,8,2,4,21,32,6,10,4,6,2,6,7,8,11,16,0,2,0,12,0,2,12,11,10,17,0,6,0,2,0,8,0,0
270,2022-04-24 20:32:17.194625,2,12,4,11,17,38,9,20,2,2,9,28,17,62,32,54,13,36,9,15,19,20,4,7,15,32,4,16,4,19,28,69,12,19,2,14,7,46,17,26,9,15,0,12,3,2,2,6,4,14,0,5,8,6,0,2,15,28,10,22,6,33,6,10,2,4,21,32,9,8,0,6,2,6,5,8,11,16,0,4,0,12,0,2,14,9,10,17,0,6,0,2,2,8,0,0
271,2022-04-24 20:41:19.985580,2,12,4,11,21,38,7,21,2,2,11,32,20,67,35,52,14,39,7,15,22,19,6,7,15,30,4,16,8,19,30,69,12,17,2,15,7,43,17,29,9,17,0,10,3,2,2,6,6,18,0,5,8,6,0,2,20,30,10,24,6,30,8,13,2,4,19,30,9,10,8,6,2,8,5,8,11,16,0,9,0,12,0,2,14,9,12,12,0,4,0,2,2,6,0,0
272,2022-04-24 20:51:00.520295,2,14,5,12,23,38,9,21,2,5,8,34,16,63,37,58,12,37,6,13,24,16,6,7,13,32,4,16,8,21,35,73,12,16,2,15,9,43,17,33,11,13,0,10,3,2,2,6,5,19,2,5,8,6,0,2,24,37,10,26,8,28,10,17,2,4,16,36,9,10,8,6,4,8,5,8,11,14,0,9,0,10,0,2,14,9,10,15,4,8,0,2,1,4,0,0
273,2022-04-24 21:02:28.957743,2,12,5,12,21,39,9,21,4,7,8,32,19,64,37,65,13,34,6,9,25,18,8,7,17,32,4,14,8,26,36,82,14,16,2,15,11,37,19,40,10,13,0,10,0,0,2,8,5,16,2,5,5,6,0,4,24,37,10,28,10,30,6,15,2,4,16,34,9,10,8,6,2,8,5,8,13,15,0,9,2,10,0,2,14,9,8,17,4,8,0,2,1,0,0,0
274,2022-04-24 21:11:34.272996,2,10,3,10,21,39,9,21,4,7,12,32,21,62,32,70,14,27,4,9,23,20,8,7,17,34,4,14,14,26,44,88,16,20,2,15,11,36,20,40,10,13,0,10,0,3,2,8,10,16,2,5,5,8,0,4,19,37,10,28,14,30,10,15,0,0,11,32,6,8,6,6,2,6,2,6,16,17,0,9,2,10,0,2,16,9,10,18,4,8,0,2,1,0,0,0
275,2022-04-24 21:21:43.544365,2,10,3,12,24,39,11,19,4,4,12,30,24,67,38,72,10,31,4,13,19,24,8,7,20,32,5,17,24,26,45,88,14,23,2,16,15,35,25,36,6,18,1,9,0,3,2,12,12,18,2,5,5,8,0,4,15,30,6,26,14,28,12,17,0,0,11,33,3,8,10,4,2,6,0,4,11,17,2,9,2,10,0,2,14,9,16,18,4,8,0,2,1,0,0,0
276,2022-04-24 21:32:14.138179,2,14,5,11,20,41,11,21,4,6,15,31,22,72,36,73,10,31,6,13,21,26,11,7,23,41,6,19,26,26,43,92,14,23,2,14,17,37,25,41,6,20,1,11,0,3,2,18,11,18,2,5,6,11,0,4,15,27,8,26,21,28,12,17,0,3,9,31,3,10,10,2,2,6,0,4,9,13,2,14,2,10,0,2,13,9,10,18,9,6,0,2,0,0,0,0
277,2022-04-24 21:41:49.082578,2,14,3,6,18,45,11,21,6,6,17,30,27,67,31,71,8,33,6,13,23,28,9,8,27,41,6,19,28,24,41,93,14,30,2,14,19,39,31,43,8,22,1,11,0,3,0,14,11,18,0,3,4,15,0,4,13,27,8,26,19,30,12,21,0,3,6,29,3,12,10,6,0,4,0,4,11,15,2,14,2,10,0,2,11,6,10,22,7,6,0,2,0,0,0,0
278,2022-04-24 21:50:51.481509,2,14,4,6,20,51,13,22,6,6,17,32,31,73,35,65,12,27,11,10,23,30,7,5,29,39,6,21,28,24,43,88,17,28,2,14,20,40,36,42,10,20,1,9,0,3,2,17,13,14,0,3,7,13,0,4,13,24,8,26,19,35,12,24,0,3,4,26,0,10,10,6,2,4,0,2,15,15,2,14,2,10,0,2,5,6,10,21,9,6,0,2,0,0,0,2
279,2022-04-24 22:02:27.854106,2,14,3,4,22,51,13,20,4,6,18,30,36,71,34,60,12,25,13,10,27,35,6,5,35,37,6,22,24,19,46,89,17,29,2,11,17,35,36,42,13,25,2,10,0,3,9,17,11,13,0,3,9,13,0,4,15,22,8,22,19,36,10,24,0,3,7,14,0,10,6,6,2,4,0,2,15,17,4,11,2,10,0,2,5,6,10,19,7,0,0,0,0,0,0,2
280,2022-04-24 22:12:08.495184,9,14,3,6,22,45,11,20,6,6,18,28,39,68,38,54,10,17,11,10,21,33,2,5,39,43,6,26,22,17,46,83,14,26,2,8,15,29,32,39,11,26,5,10,0,3,15,17,11,15,0,3,12,13,0,8,11,22,8,20,23,40,12,24,0,3,10,14,2,8,6,6,2,2,0,2,11,19,2,9,2,10,2,4,4,2,10,19,4,0,0,0,0,0,0,2
281,2022-04-24 22:21:33.849938,11,14,3,6,23,41,13,20,6,5,20,30,37,65,36,52,9,19,9,10,21,32,2,5,36,45,14,35,20,19,47,79,16,23,2,10,21,30,29,39,17,26,5,11,0,3,17,17,12,15,0,3,14,13,0,8,8,22,8,22,23,40,14,22,0,0,12,15,2,8,6,6,2,2,2,2,11,17,6,6,0,6,2,4,6,2,10,19,2,0,0,0,0,0,0,2
282,2022-04-24 22:31:28.366813,11,12,3,6,23,35,11,18,4,5,22,28,36,71,46,56,8,14,11,8,21,29,2,5,34,51,11,33,20,21,49,81,13,23,2,6,23,32,33,37,21,26,5,11,0,3,20,17,10,12,0,3,17,15,0,8,6,18,8,14,28,38,16,22,0,0,11,11,2,8,6,6,2,2,2,2,9,15,6,6,3,6,2,4,6,2,10,17,2,0,0,0,0,0,0,2
283,2022-04-24 22:42:01.940471,11,10,3,4,19,34,13,22,4,5,21,28,42,70,50,58,9,17,10,8,23,30,2,5,34,42,16,31,19,19,45,84,13,27,2,6,23,37,28,34,26,28,6,12,0,3,24,21,10,14,0,3,17,15,1,8,13,16,8,12,24,34,16,25,0,0,11,9,2,8,4,4,2,2,2,2,9,15,6,10,3,6,2,4,4,2,13,12,0,0,0,0,0,0,0,2
284,2022-04-24 22:50:52.473719,12,12,3,4,16,32,13,22,4,5,25,22,40,66,51,65,7,15,13,5,20,27,2,4,38,44,18,31,17,19,54,88,13,29,2,8,23,35,28,36,26,34,6,12,0,3,23,19,15,14,2,3,17,15,1,8,13,16,8,12,24,32,16,25,0,0,9,9,2,8,0,0,2,2,2,2,9,13,4,10,3,6,2,4,2,0,15,12,0,0,0,0,0,0,0,2
285,2022-04-24 23:02:30.419065,11,17,3,4,16,32,9,22,2,4,23,19,38,66,57,59,5,16,6,5,16,24,5,4,34,42,18,27,18,21,62,76,15,26,2,8,21,39,29,36,29,36,6,13,0,3,17,14,17,16,2,3,17,15,2,8,11,13,8,4,24,30,18,20,0,0,11,9,2,4,0,0,2,2,2,2,6,11,2,10,3,6,2,2,0,0,12,8,0,0,0,0,0,0,0,2
286,2022-04-24 23:11:20.684550,11,17,3,9,16,34,9,24,2,4,20,17,40,60,51,59,7,17,5,5,21,23,5,4,32,41,15,30,14,14,60,73,17,24,2,6,22,38,29,30,28,33,6,13,0,0,17,14,17,16,2,3,17,13,2,6,6,16,8,4,21,30,19,20,0,0,11,9,2,4,0,0,2,2,2,2,4,9,2,10,3,6,2,2,0,0,9,8,0,0,0,0,0,0,0,2
287,2022-04-24 23:21:25.659183,11,17,1,7,16,28,11,24,2,4,20,17,38,49,49,53,8,17,3,5,23,16,5,4,24,39,16,28,12,12,58,62,16,22,2,6,21,37,27,26,25,31,5,10,0,0,17,14,15,16,2,3,19,13,4,8,10,16,10,6,19,22,22,22,0,0,9,6,4,2,0,0,2,2,2,2,5,7,2,6,3,3,2,2,0,0,11,8,0,0,0,0,0,0,0,2
288,2022-04-24 23:36:26.996996,6,11,3,7,13,19,10,18,2,4,20,16,34,37,48,44,8,13,5,2,19,18,5,4,24,32,22,30,6,9,64,57,9,18,0,4,22,25,27,26,24,25,4,10,0,0,18,14,17,18,2,3,14,13,6,8,8,16,6,2,21,15,20,18,0,0,9,6,4,2,0,0,2,2,2,2,5,7,2,6,0,0,2,5,0,0,9,8,0,0,0,0,0,0,0,0
289,2022-04-24 23:41:39.690657,6,9,3,7,13,19,10,14,2,4,18,16,32,35,46,42,6,13,5,2,19,16,5,4,22,30,23,26,6,9,63,46,9,16,0,4,22,25,23,24,24,25,2,10,0,0,20,14,15,20,2,3,11,14,7,8,6,11,6,2,21,17,18,18,0,0,5,4,4,2,0,0,2,2,2,2,5,7,2,2,0,0,2,5,0,0,9,8,0,0,0,0,0,0,0,0
290,2022-04-24 23:51:59.422464,6,9,3,12,13,17,10,14,2,2,16,14,28,32,34,40,3,9,5,2,13,13,5,4,22,26,14,25,6,9,56,37,6,10,0,4,20,24,27,24,24,25,2,10,0,0,18,14,13,18,2,3,7,12,7,8,4,11,4,0,18,10,9,8,0,0,7,4,0,0,0,0,2,2,2,2,0,0,2,2,0,0,2,5,0,0,9,8,0,0,0,0,0,0,0,0
291,2022-04-25 00:09:14.644655,8,9,9,11,11,10,10,13,2,2,7,4,27,28,28,44,5,10,5,4,15,10,5,6,20,22,15,27,6,9,36,40,6,8,0,5,5,17,25,20,23,23,0,4,0,0,11,10,10,14,2,4,7,12,6,8,2,6,2,0,16,10,0,0,0,0,2,6,0,0,0,0,0,0,0,0,0,0,2,2,0,0,0,3,0,0,7,6,0,0,0,0,0,0,0,0
292,2022-04-25 00:11:39.556609,8,9,9,11,11,10,10,17,2,2,5,4,29,28,28,44,5,10,2,2,15,11,5,6,20,22,13,27,6,9,34,40,7,8,0,7,5,17,25,20,27,23,0,4,0,0,11,10,10,14,2,4,7,12,6,8,2,4,2,0,16,13,0,0,0,0,2,6,0,0,0,0,0,0,0,0,0,0,2,2,0,0,0,3,0,0,7,6,0,0,0,0,0,0,0,0
293,2022-04-25 00:21:23.019432,8,9,9,11,9,6,10,17,2,2,7,4,27,33,37,42,5,8,2,2,11,9,0,4,18,26,18,27,9,9,34,46,7,8,0,8,5,14,23,22,24,21,2,4,0,0,9,12,8,14,5,4,9,10,6,10,6,6,2,0,16,15,0,0,0,0,2,6,0,0,0,0,0,0,0,0,0,0,2,2,0,0,0,3,0,0,9,6,0,0,0,0,0,0,0,0
294,2022-04-25 00:32:13.233123,6,10,11,13,7,10,12,17,2,2,7,4,20,30,39,44,5,8,2,2,11,7,0,3,15,23,20,33,3,5,36,51,5,8,4,10,5,15,19,18,24,19,2,4,0,0,10,10,8,15,5,4,6,10,6,10,4,6,2,0,15,13,0,0,0,0,0,4,0,0,0,0,0,0,0,0,0,0,2,2,0,0,0,3,0,0,7,6,0,0,0,0,0,0,0,0
295,2022-04-25 00:40:55.061354,6,12,9,13,7,10,12,21,2,2,5,4,18,26,44,46,5,8,2,2,11,7,0,3,15,21,20,31,3,5,33,51,7,8,7,10,7,15,17,18,19,12,2,4,0,0,13,14,4,10,5,4,6,10,8,10,4,6,2,0,13,17,0,0,0,0,0,4,4,0,0,0,0,0,0,0,0,0,0,0,0,0,0,3,0,0,7,6,0,0,0,0,0,0,0,0
296,2022-04-25 00:51:42.219416,8,12,7,11,7,10,12,21,2,2,4,2,22,34,48,42,5,8,2,4,11,7,0,3,15,19,20,29,3,5,29,53,6,6,7,10,5,9,11,18,15,14,2,4,0,0,13,12,7,10,5,4,4,6,8,10,4,4,0,0,13,17,0,0,0,0,0,2,4,0,0,0,0,0,0,0,0,0,0,0,0,0,0,3,0,0,7,4,0,0,0,0,0,0,0,0
297,2022-04-25 01:09:40.980718,8,11,9,11,6,8,14,21,0,0,4,2,14,40,42,40,4,7,2,4,6,9,0,3,6,16,23,22,3,3,24,53,7,6,7,10,4,9,9,18,10,14,2,4,0,0,13,10,10,12,7,4,6,6,6,10,0,2,0,0,9,16,0,0,0,0,0,0,4,0,0,0,0,0,0,0,0,0,0,0,0,0,0,3,0,0,2,2,0,0,0,0,0,0,0,0
298,2022-04-25 01:11:04.334187,6,11,9,11,6,6,14,21,0,0,4,2,14,38,42,40,4,7,2,4,6,9,0,3,6,16,20,22,3,3,24,53,7,6,7,10,4,9,9,18,10,14,2,4,0,0,13,10,10,12,7,4,6,6,4,10,0,2,0,0,9,16,0,0,0,0,0,0,4,0,0,0,0,0,0,0,0,0,0,0,0,0,0,3,0,0,0,2,0,0,0,0,0,0,0,0
299,2022-04-25 01:21:28.511426,6,9,6,11,6,8,12,19,0,0,0,0,11,46,48,38,1,5,2,4,6,9,0,5,9,14,20,22,3,3,28,51,3,4,5,6,4,9,11,18,12,14,2,4,0,0,16,10,13,12,7,4,6,6,4,4,0,2,0,0,9,14,0,0,0,0,0,0,0,0,0,0,0,0,0,0,0,0,0,0,0,0,0,0,0,0,0,0,0,0,0,0,0,0,0,0
300,2022-04-25 01:36:32.604498,6,7,9,9,4,6,12,17,0,0,0,0,18,49,51,44,1,5,2,4,10,9,0,5,7,10,18,20,3,3,25,40,3,4,3,4,4,9,11,18,10,16,2,4,0,0,19,12,13,9,2,2,4,2,4,4,0,0,0,0,10,12,0,0,0,0,0,0,0,0,0,0,0,0,0,0,0,0,0,0,0,0,0,0,0,0,0,0,0,0,0,0,0,0,0,0
301,2022-04-25 01:41:59.572642,6,6,9,9,4,6,12,17,0,0,0,0,16,56,51,44,1,5,2,4,12,9,0,5,5,12,16,21,0,3,27,40,3,4,4,4,4,9,13,18,12,16,2,6,0,0,22,14,11,9,2,2,3,2,2,4,0,0,0,0,10,10,0,0,0,0,0,0,0,0,0,0,0,0,0,0,0,0,0,0,0,0,0,0,0,0,0,0,0,0,0,0,0,0,0,0
302,2022-04-25 01:51:10.476250,6,6,7,6,4,6,10,12,0,0,0,0,21,52,47,42,1,5,0,0,10,9,0,3,5,10,12,21,0,0,22,34,3,4,0,3,4,9,13,18,12,16,2,6,0,0,22,14,7,7,2,2,2,2,1,2,0,0,0,0,10,10,0,0,0,0,0,0,0,0,0,0,0,0,0,0,0,0,0,0,0,0,0,0,0,0,0,0,0,0,0,0,0,0,0,0
303,2022-04-25 02:10:57.703760,4,10,6,6,6,4,6,8,0,0,0,0,18,34,43,47,0,5,2,0,6,7,0,2,8,10,12,21,0,0,17,28,3,4,0,3,6,9,13,16,10,14,2,3,0,0,17,13,4,6,2,2,0,0,1,0,0,0,0,0,5,10,0,0,0,0,0,0,0,0,0,0,0,0,0,0,0,0,0,0,0,0,0,0,0,0,0,0,0,0,0,0,0,0,0,0
304,2022-04-25 02:22:16.810510,4,8,7,4,2,2,2,2,0,0,0,0,22,31,39,43,2,3,2,0,7,7,0,2,10,9,14,23,0,0,21,28,0,4,0,3,6,7,13,14,10,14,2,5,0,0,15,9,4,6,2,2,0,0,1,0,0,0,0,0,5,10,0,0,0,0,0,0,0,0,0,0,0,0,0,0,0,0,0,0,0,0,0,0,0,0,0,0,0,0,0,0,0,0,0,0
305,2022-04-25 02:32:00.472015,4,10,7,4,0,0,2,2,0,0,0,0,22,31,35,38,2,3,2,0,7,7,0,2,5,7,12,20,0,0,21,26,0,4,0,0,4,4,11,12,10,14,2,5,0,0,16,9,4,6,2,4,0,0,1,0,0,0,0,0,5,10,0,0,0,0,0,0,0,0,0,0,0,0,0,0,0,0,0,0,0,0,0,0,0,0,0,0,0,0,0,0,0,0,0,0
306,2022-04-25 02:41:03.073138,4,10,7,4,0,0,2,2,0,0,0,0,24,30,34,36,0,3,2,0,7,7,0,2,5,7,12,20,0,0,19,26,0,4,0,0,0,4,11,12,14,12,2,5,0,0,11,7,4,6,2,2,0,0,0,0,0,0,0,0,5,8,0,0,0,0,0,0,0,0,0,0,0,0,0,0,0,0,0,0,0,0,0,0,0,0,0,0,0,0,0,0,0,0,0,0
307,2022-04-25 02:51:55.261940,9,10,5,2,0,0,2,0,0,0,0,0,24,30,33,33,0,4,2,0,7,7,0,0,4,7,14,20,0,0,17,24,0,4,0,0,0,4,13,12,10,10,2,5,0,0,7,4,4,6,2,2,0,0,0,0,0,0,0,0,3,6,0,0,0,0,0,0,0,0,0,0,0,0,0,0,0,0,0,0,0,0,0,0,0,0,0,0,0,0,0,0,0,0,0,0
